user_id,path_category_name,age_group,gender,region,year_path_started
user_00001,Data,30-34 ans,F,Île-de-France,2025
user_00002,Data,60 ans ou plus,M,Île-de-France,2023
user_00003,Data,30-34 ans,,Hauts-de-France,2023
user_00004,Data,50-54 ans,,Île-de-France,2023
user_00005,Data,25-29 ans,M,Hauts-de-France,2025
user_00006,Data,40-44 ans,M,Auvergne-Rhône-Alpes,2025
user_00007,Data,35-39 ans,F,Île-de-France,2023
user_00008,Data,45-49 ans,M,Île-de-France,2024
user_00009,Data,30-34 ans,M,Centre-Val de Loire,2022
user_00010,Data,25-29 ans,M,Île-de-France,2024
user_00011,Data,25-29 ans,,Île-de-France,2023
user_00012,Data,30-34 ans,M,Île-de-France,2025
user_00013,Data,30-34 ans,,Île-de-France,2023
user_00014,Data,40-44 ans,,Provence-Alpes-Côte d'Azur,2023
user_00015,Data,50-54 ans,,Provence-Alpes-Côte d'Azur,2022
user_00016,Data,40-44 ans,,Île-de-France,2022
user_00017,Data,30-34 ans,M,Provence-Alpes-Côte d'Azur,2025
user_00018,Data,45-49 ans,F,Île-de-France,2024
user_00019,Data,40-44 ans,F,DROM,2023
user_00020,Data,25-29 ans,M,Nouvelle-Aquitaine,2024
user_00021,Data,25-29 ans,M,Île-de-France,2023
user_00022,Data,25-29 ans,M,Île-de-France,2025
user_00023,Data,35-39 ans,F,Île-de-France,2023
user_00024,Data,30-34 ans,,Pays de la Loire,2025
user_00025,Data,20-24 ans,M,Bourgogne-Franche-Comté,2025
user_00026,Data,40-44 ans,M,Nouvelle-Aquitaine,2022
user_00027,Data,60 ans ou plus,M,Nouvelle-Aquitaine,2022
user_00028,Data,30-34 ans,F,Île-de-France,2025
user_00029,Data,25-29 ans,,Occitanie,2022
user_00030,Data,25-29 ans,M,Île-de-France,2024
user_00031,Data,50-54 ans,M,Nouvelle-Aquitaine,2024
user_00032,Data,30-34 ans,M,Île-de-France,2022
user_00033,Data,30-34 ans,M,Auvergne-Rhône-Alpes,2025
user_00034,Data,35-39 ans,M,Hauts-de-France,2025
user_00035,Data,40-44 ans,M,Île-de-France,2024
user_00036,Data,30-34 ans,,Île-de-France,2022
user_00037,Data,30-34 ans,M,Île-de-France,2025
user_00038,Data,30-34 ans,M,Île-de-France,2023
user_00039,Data,30-34 ans,M,Grand Est,2022
user_00040,Data,40-44 ans,F,Île-de-France,2022
user_00041,Data,30-34 ans,M,Île-de-France,2024
user_00042,Data,40-44 ans,F,Nouvelle-Aquitaine,2024
user_00043,Data,40-44 ans,F,Île-de-France,2022
user_00044,Data,35-39 ans,F,Hauts-de-France,2022
user_00045,Data,50-54 ans,M,Auvergne-Rhône-Alpes,2025
user_00046,Data,25-29 ans,M,Île-de-France,2023
user_00047,Data,25-29 ans,M,Hauts-de-France,2024
user_00048,Data,30-34 ans,,Île-de-France,2022
user_00049,Data,30-34 ans,M,Provence-Alpes-Côte d'Azur,2022
user_00050,Data,25-29 ans,,Île-de-France,2022
user_00051,Data,45-49 ans,,Île-de-France,2022
user_00052,Data,35-39 ans,M,Normandie,2022
user_00053,Data,40-44 ans,M,Grand Est,2023
user_00054,Data,35-39 ans,,Île-de-France,2025
user_00055,Data,30-34 ans,,Bretagne,2023
user_00056,Data,25-29 ans,M,Hauts-de-France,2024
user_00057,Data,25-29 ans,F,Île-de-France,2025
user_00058,Data,40-44 ans,M,Hauts-de-France,2023
user_00059,Data,30-34 ans,M,Île-de-France,2022
user_00060,Data,45-49 ans,,Île-de-France,2022
user_00061,Data,35-39 ans,,Île-de-France,2022
user_00062,Data,45-49 ans,M,Grand Est,2024
user_00063,Data,20-24 ans,M,Bretagne,2024
user_00064,Data,30-34 ans,,Île-de-France,2022
user_00065,Data,30-34 ans,M,Île-de-France,2023
user_00066,Data,25-29 ans,,Grand Est,2022
user_00067,Data,25-29 ans,,Île-de-France,2023
user_00068,Data,20-24 ans,M,Île-de-France,2025
user_00069,Data,35-39 ans,F,Grand Est,2022
user_00070,Data,25-29 ans,M,Centre-Val de Loire,2023
user_00071,Data,30-34 ans,,Provence-Alpes-Côte d'Azur,2023
user_00072,Data,25-29 ans,M,Nouvelle-Aquitaine,2022
user_00073,Data,35-39 ans,M,Provence-Alpes-Côte d'Azur,2023
user_00074,Data,45-49 ans,,Île-de-France,2022
user_00075,Data,30-34 ans,F,Hauts-de-France,2022
user_00076,Data,25-29 ans,M,Île-de-France,2022
user_00077,Data,25-29 ans,F,Grand Est,2024
user_00078,Data,25-29 ans,M,Île-de-France,2025
user_00079,Data,30-34 ans,M,Île-de-France,2025
user_00080,Data,30-34 ans,,Île-de-France,2022
user_00081,Data,45-49 ans,F,Bretagne,2025
user_00082,Data,50-54 ans,F,Nouvelle-Aquitaine,2024
user_00083,Data,40-44 ans,M,Île-de-France,2024
user_00084,Data,35-39 ans,,Île-de-France,2022
user_00085,Data,30-34 ans,,Île-de-France,2023
user_00086,Data,55-59 ans,M,Île-de-France,2022
user_00087,Data,30-34 ans,F,Île-de-France,2022
user_00088,Data,25-29 ans,F,Bourgogne-Franche-Comté,2022
user_00089,Data,35-39 ans,M,Île-de-France,2023
user_00090,Data,20-24 ans,M,Hauts-de-France,2024
user_00091,Data,35-39 ans,F,Île-de-France,2022
user_00092,Data,40-44 ans,,Île-de-France,2023
user_00093,Data,25-29 ans,M,Île-de-France,2025
user_00094,Data,35-39 ans,M,Pays de la Loire,2025
user_00095,Data,30-34 ans,,Île-de-France,2024
user_00096,Data,30-34 ans,F,Bretagne,2025
user_00097,Data,20-24 ans,M,Île-de-France,2025
user_00098,Data,25-29 ans,M,Île-de-France,2022
user_00099,Data,30-34 ans,M,Centre-Val de Loire,2025
user_00100,Data,30-34 ans,F,Grand Est,2022
user_00101,Data,35-39 ans,F,Île-de-France,2024
user_00102,Data,40-44 ans,M,Grand Est,2022
user_00103,Data,35-39 ans,F,Provence-Alpes-Côte d'Azur,2023
user_00104,Data,50-54 ans,M,Île-de-France,2023
user_00105,Data,35-39 ans,F,Normandie,2024
user_00106,Data,55-59 ans,F,Île-de-France,2022
user_00107,Data,50-54 ans,,Pays de la Loire,2022
user_00108,Data,35-39 ans,M,Provence-Alpes-Côte d'Azur,2023
user_00109,Data,30-34 ans,,Île-de-France,2023
user_00110,Data,35-39 ans,,Grand Est,2022
user_00111,Data,35-39 ans,M,Auvergne-Rhône-Alpes,2022
user_00112,Data,35-39 ans,M,Provence-Alpes-Côte d'Azur,2024
user_00113,Data,30-34 ans,F,Île-de-France,2025
user_00114,Data,45-49 ans,,Occitanie,2025
user_00115,Data,30-34 ans,F,Normandie,2024
user_00116,Data,60 ans ou plus,M,Île-de-France,2022
user_00117,Data,35-39 ans,M,Pays de la Loire,2023
user_00118,Data,25-29 ans,M,Île-de-France,2024
user_00119,Data,25-29 ans,,Île-de-France,2022
user_00120,Data,35-39 ans,,Grand Est,2023
user_00121,Data,35-39 ans,M,Provence-Alpes-Côte d'Azur,2022
user_00122,Data,40-44 ans,,Provence-Alpes-Côte d'Azur,2022
user_00123,Data,35-39 ans,,Auvergne-Rhône-Alpes,2022
user_00124,Data,30-34 ans,,Provence-Alpes-Côte d'Azur,2023
user_00125,Data,30-34 ans,M,Auvergne-Rhône-Alpes,2025
user_00126,Data,35-39 ans,M,Île-de-France,2025
user_00127,Data,25-29 ans,,Occitanie,2023
user_00128,Data,40-44 ans,M,Grand Est,2025
user_00129,Data,30-34 ans,F,Auvergne-Rhône-Alpes,2022
user_00070,Data,25-29 ans,M,Centre-Val de Loire,2025
user_00130,Data,35-39 ans,,Provence-Alpes-Côte d'Azur,2022
user_00131,Data,55-59 ans,,Île-de-France,2023
user_00132,Data,45-49 ans,F,Normandie,2024
user_00133,Data,25-29 ans,F,Île-de-France,2024
user_00134,Data,25-29 ans,,Île-de-France,2022
user_00135,Data,35-39 ans,,Grand Est,2022
user_00136,Data,35-39 ans,M,Grand Est,2024
user_00137,Data,25-29 ans,F,Île-de-France,2025
user_00138,Data,40-44 ans,,DROM,2022
user_00139,Data,60 ans ou plus,M,Auvergne-Rhône-Alpes,2025
user_00140,Data,50-54 ans,,Île-de-France,2022
user_00141,Data,25-29 ans,M,Normandie,2023
user_00142,Data,35-39 ans,M,Île-de-France,2025
user_00143,Data,60 ans ou plus,M,Hauts-de-France,2022
user_00144,Data,35-39 ans,M,Île-de-France,2024
user_00145,Data,55-59 ans,F,Pays de la Loire,2023
user_00146,Data,55-59 ans,M,Grand Est,2023
user_00147,Data,30-34 ans,F,Occitanie,2022
user_00148,Data,30-34 ans,M,Auvergne-Rhône-Alpes,2024
user_00149,Data,30-34 ans,F,Bretagne,2022
user_00150,Data,35-39 ans,,Île-de-France,2022
user_00151,Data,20-24 ans,M,Île-de-France,2025
user_00152,Data,35-39 ans,,Île-de-France,2022
user_00153,Data,35-39 ans,,Île-de-France,2023
user_00154,Data,40-44 ans,M,Île-de-France,2024
user_00155,Data,20-24 ans,F,Nouvelle-Aquitaine,2024
user_00156,Data,45-49 ans,M,Hauts-de-France,2024
user_00157,Data,40-44 ans,,Nouvelle-Aquitaine,2022
user_00158,Data,25-29 ans,M,Île-de-France,2024
user_00159,Data,55-59 ans,,Occitanie,2022
user_00160,Data,35-39 ans,M,Île-de-France,2025
user_00161,Data,35-39 ans,M,Pays de la Loire,2023
user_00162,Data,30-34 ans,M,Auvergne-Rhône-Alpes,2025
user_00163,Data,45-49 ans,F,Île-de-France,2025
user_00164,Data,50-54 ans,,Auvergne-Rhône-Alpes,2022
user_00165,Data,50-54 ans,M,Hauts-de-France,2024
user_00166,Data,50-54 ans,,Île-de-France,2022
user_00167,Data,35-39 ans,M,Provence-Alpes-Côte d'Azur,2025
user_00168,Data,20-24 ans,M,Bourgogne-Franche-Comté,2025
user_00169,Data,45-49 ans,F,Île-de-France,2023
user_00170,Data,20-24 ans,M,Hauts-de-France,2025
user_00171,Data,25-29 ans,M,Occitanie,2024
user_00172,Data,25-29 ans,F,Île-de-France,2024
user_00173,Data,20-24 ans,M,Bourgogne-Franche-Comté,2025
user_00174,Data,20-24 ans,M,Grand Est,2024
user_00175,Data,35-39 ans,M,Île-de-France,2023
user_00176,Data,25-29 ans,M,Île-de-France,2025
user_00177,Data,40-44 ans,F,Île-de-France,2022
user_00178,Data,35-39 ans,M,Centre-Val de Loire,2025
user_00179,Data,40-44 ans,F,Île-de-France,2023
user_00180,Data,40-44 ans,,Île-de-France,2024
user_00181,Data,30-34 ans,F,Île-de-France,2025
user_00182,Data,25-29 ans,F,Pays de la Loire,2024
user_00183,Data,30-34 ans,M,Occitanie,2022
user_00184,Data,35-39 ans,M,Centre-Val de Loire,2022
user_00185,Data,30-34 ans,,Île-de-France,2023
user_00186,Data,30-34 ans,M,Grand Est,2023
user_00187,Data,35-39 ans,M,Centre-Val de Loire,2024
user_00188,Data,25-29 ans,M,Provence-Alpes-Côte d'Azur,2024
user_00189,Data,30-34 ans,,Hauts-de-France,2024
user_00190,Data,40-44 ans,F,Île-de-France,2023
user_00191,Data,25-29 ans,M,Bretagne,2022
user_00192,Data,40-44 ans,F,Grand Est,2022
user_00193,Data,20-24 ans,M,Île-de-France,2025
user_00194,Data,35-39 ans,M,Île-de-France,2023
user_00195,Data,30-34 ans,F,Pays de la Loire,2024
user_00196,Data,40-44 ans,M,Auvergne-Rhône-Alpes,2025
user_00197,Data,25-29 ans,M,Île-de-France,2022
user_00198,Data,30-34 ans,F,Île-de-France,2023
user_00199,Data,40-44 ans,F,Provence-Alpes-Côte d'Azur,2022
user_00200,Data,35-39 ans,F,Île-de-France,2024
user_00201,Data,35-39 ans,,Auvergne-Rhône-Alpes,2024
user_00202,Data,40-44 ans,F,Pays de la Loire,2024
user_00203,Data,35-39 ans,F,Île-de-France,2022
user_00204,Data,30-34 ans,M,Bretagne,2022
user_00205,Data,25-29 ans,M,Auvergne-Rhône-Alpes,2025
user_00206,Data,30-34 ans,F,Nouvelle-Aquitaine,2023
user_00207,Data,40-44 ans,M,Nouvelle-Aquitaine,2023
user_00132,Data,45-49 ans,F,Normandie,2023
user_00208,Data,30-34 ans,M,Île-de-France,2023
user_00209,Data,45-49 ans,,Île-de-France,2022
user_00210,Data,25-29 ans,F,Provence-Alpes-Côte d'Azur,2025
user_00211,Data,30-34 ans,M,Centre-Val de Loire,2024
user_00212,Data,25-29 ans,,Auvergne-Rhône-Alpes,2023
user_00213,Data,25-29 ans,F,Île-de-France,2025
user_00214,Data,30-34 ans,,Auvergne-Rhône-Alpes,2022
user_00215,Data,50-54 ans,F,Nouvelle-Aquitaine,2022
user_00216,Data,35-39 ans,M,Hauts-de-France,2024
user_00217,Data,25-29 ans,M,Île-de-France,2023
user_00218,Data,25-29 ans,M,Île-de-France,2023
user_00219,Data,40-44 ans,,Île-de-France,2022
user_00220,Data,35-39 ans,,Pays de la Loire,2022
user_00221,Data,25-29 ans,,Auvergne-Rhône-Alpes,2022
user_00222,Data,25-29 ans,M,Auvergne-Rhône-Alpes,2025
user_00223,Data,30-34 ans,M,Auvergne-Rhône-Alpes,2023
user_00224,Data,25-29 ans,M,Île-de-France,2025
user_00225,Data,30-34 ans,M,Provence-Alpes-Côte d'Azur,2022
user_00226,Data,25-29 ans,F,Centre-Val de Loire,2025
user_00227,Data,25-29 ans,M,Bretagne,2023
user_00228,Data,30-34 ans,F,Île-de-France,2023
user_00229,Data,30-34 ans,M,Hauts-de-France,2025
user_00230,Data,35-39 ans,F,Île-de-France,2023
user_00231,Data,30-34 ans,F,Île-de-France,2022
user_00232,Data,40-44 ans,,Île-de-France,2022
user_00233,Data,40-44 ans,,Île-de-France,2022
user_00234,Data,30-34 ans,F,Île-de-France,2023
user_00235,Data,50-54 ans,M,Île-de-France,2025
user_00236,Data,30-34 ans,,Nouvelle-Aquitaine,2023
user_00237,Data,30-34 ans,M,Île-de-France,2022
user_00238,Data,35-39 ans,M,Île-de-France,2023
user_00239,Data,40-44 ans,M,Île-de-France,2024
user_00240,Data,40-44 ans,M,Île-de-France,2022
user_00241,Data,30-34 ans,M,Hauts-de-France,2022
user_00242,Data,30-34 ans,,Pays de la Loire,2022
user_00243,Data,40-44 ans,,Auvergne-Rhône-Alpes,2023
user_00180,Data,40-44 ans,,Île-de-France,2022
user_00244,Data,30-34 ans,M,Auvergne-Rhône-Alpes,2025
user_00245,Data,25-29 ans,,Île-de-France,2023
user_00246,Data,45-49 ans,M,Auvergne-Rhône-Alpes,2022
user_00247,Data,25-29 ans,,Centre-Val de Loire,2022
user_00248,Data,35-39 ans,,Île-de-France,2022
user_00249,Data,30-34 ans,,Nouvelle-Aquitaine,2022
user_00250,Data,30-34 ans,,Nouvelle-Aquitaine,2022
user_00251,Data,30-34 ans,,Île-de-France,2022
user_00252,Data,50-54 ans,,Occitanie,2022
user_00253,Data,20-24 ans,M,Île-de-France,2025
user_00254,Data,30-34 ans,,Île-de-France,2022
user_00255,Data,25-29 ans,,Bretagne,2022
user_00256,Data,30-34 ans,M,Île-de-France,2024
user_00257,Data,30-34 ans,,Île-de-France,2024
user_00258,Data,30-34 ans,F,Grand Est,2025
user_00259,Data,30-34 ans,M,Bretagne,2025
user_00260,Data,45-49 ans,F,Pays de la Loire,2023
user_00261,Data,30-34 ans,M,Île-de-France,2023
user_00262,Data,25-29 ans,M,Auvergne-Rhône-Alpes,2024
user_00263,Data,30-34 ans,,Bretagne,2022
user_00264,Data,25-29 ans,,Île-de-France,2023
user_00265,Data,40-44 ans,M,Île-de-France,2023
user_00266,Data,60 ans ou plus,M,Centre-Val de Loire,2025
user_00267,Data,45-49 ans,,Île-de-France,2023
user_00268,Data,35-39 ans,F,Île-de-France,2023
user_00269,Data,30-34 ans,M,Bretagne,2025
user_00270,Data,25-29 ans,M,Île-de-France,2025
user_00271,Data,35-39 ans,M,Île-de-France,2025
user_00272,Data,30-34 ans,M,Île-de-France,2023
user_00273,Data,40-44 ans,,Grand Est,2023
user_00274,Data,40-44 ans,F,Hauts-de-France,2022
user_00275,Data,30-34 ans,M,Île-de-France,2022
user_00276,Data,45-49 ans,F,Île-de-France,2024
user_00277,Data,45-49 ans,,Provence-Alpes-Côte d'Azur,2025
user_00278,Data,35-39 ans,F,Île-de-France,2023
user_00279,Data,55-59 ans,M,Auvergne-Rhône-Alpes,2022
user_00280,Data,40-44 ans,,Auvergne-Rhône-Alpes,2023
user_00281,Data,30-34 ans,,Île-de-France,2022
user_00282,Data,20-24 ans,M,Nouvelle-Aquitaine,2025
user_00283,Data,30-34 ans,M,Provence-Alpes-Côte d'Azur,2025
user_00284,Data,35-39 ans,F,Île-de-France,2022
user_00285,Data,60 ans ou plus,,Île-de-France,2023
user_00286,Data,45-49 ans,F,Île-de-France,2024
user_00287,Data,40-44 ans,F,Île-de-France,2025
user_00288,Data,25-29 ans,M,Hauts-de-France,2024
user_00289,Data,30-34 ans,M,Hauts-de-France,2022
user_00290,Data,45-49 ans,,Pays de la Loire,2022
user_00291,Data,25-29 ans,M,Occitanie,2025
user_00292,Data,30-34 ans,M,Île-de-France,2023
user_00293,Data,45-49 ans,M,Hauts-de-France,2022
user_00294,Data,45-49 ans,M,Pays de la Loire,2025
user_00295,Data,35-39 ans,F,Île-de-France,2022
user_00296,Data,30-34 ans,F,Hauts-de-France,2023
user_00297,Data,40-44 ans,M,DROM,2025
user_00298,Data,25-29 ans,M,Nouvelle-Aquitaine,2024
user_00299,Data,50-54 ans,M,Hauts-de-France,2022
user_00300,Data,25-29 ans,,Normandie,2022
user_00301,Data,50-54 ans,,Île-de-France,2023
user_00302,Data,30-34 ans,,Île-de-France,2022
user_00303,Data,50-54 ans,M,Pays de la Loire,2022
user_00304,Data,20-24 ans,M,Nouvelle-Aquitaine,2025
user_00305,Data,40-44 ans,M,Provence-Alpes-Côte d'Azur,2025
user_00306,Data,50-54 ans,M,Île-de-France,2025
user_00307,Data,40-44 ans,M,Bretagne,2022
user_00308,Data,35-39 ans,M,Provence-Alpes-Côte d'Azur,2022
user_00309,Data,25-29 ans,M,Nouvelle-Aquitaine,2024
user_00310,Data,50-54 ans,M,Hauts-de-France,2022
user_00311,Data,35-39 ans,M,Bourgogne-Franche-Comté,2024
user_00312,Data,35-39 ans,M,Île-de-France,2023
user_00313,Data,20-24 ans,M,Hauts-de-France,2024
user_00314,Data,30-34 ans,,Île-de-France,2022
user_00315,Data,35-39 ans,M,Grand Est,2025
user_00316,Data,50-54 ans,M,Grand Est,2023
user_00317,Data,25-29 ans,M,Provence-Alpes-Côte d'Azur,2024
user_00318,Data,30-34 ans,M,Île-de-France,2022
user_00319,Data,40-44 ans,,Provence-Alpes-Côte d'Azur,2022
user_00320,Data,30-34 ans,M,Nouvelle-Aquitaine,2023
user_00321,Data,40-44 ans,,Bretagne,2022
user_00322,Data,30-34 ans,M,Bretagne,2022
user_00323,Data,35-39 ans,F,Île-de-France,2025
user_00324,Data,50-54 ans,M,Normandie,2023
user_00325,Data,25-29 ans,,Île-de-France,2022
user_00326,Data,30-34 ans,M,Provence-Alpes-Côte d'Azur,2022
user_00327,Data,25-29 ans,M,Île-de-France,2024
user_00328,Data,30-34 ans,M,Île-de-France,2023
user_00329,Data,50-54 ans,,Hauts-de-France,2023
user_00330,Data,45-49 ans,M,Pays de la Loire,2022
user_00331,Data,40-44 ans,M,Auvergne-Rhône-Alpes,2025
user_00332,Data,25-29 ans,,Provence-Alpes-Côte d'Azur,2023
user_00333,Data,35-39 ans,M,Grand Est,2024
user_00334,Data,25-29 ans,F,Pays de la Loire,2023
user_00194,Data,35-39 ans,M,Île-de-France,2025
user_00335,Data,30-34 ans,M,Normandie,2022
user_00336,Data,40-44 ans,M,Centre-Val de Loire,2022
user_00337,Data,35-39 ans,F,Île-de-France,2025
user_00338,Data,40-44 ans,,Occitanie,2023
user_00339,Data,45-49 ans,F,Bourgogne-Franche-Comté,2025
user_00340,Data,30-34 ans,M,Île-de-France,2022
user_00341,Data,30-34 ans,M,Île-de-France,2022
user_00342,Data,25-29 ans,F,Île-de-France,2025
user_00343,Data,50-54 ans,M,Île-de-France,2024
user_00344,Data,40-44 ans,F,Île-de-France,2025
user_00345,Data,45-49 ans,F,Bretagne,2023
user_00346,Data,40-44 ans,,Île-de-France,2022
user_00347,Data,35-39 ans,,Île-de-France,2022
user_00348,Data,35-39 ans,M,Hauts-de-France,2022
user_00349,Data,25-29 ans,M,Île-de-France,2023
user_00350,Data,55-59 ans,M,Bourgogne-Franche-Comté,2025
user_00351,Data,25-29 ans,,Île-de-France,2023
user_00352,Data,30-34 ans,M,Bourgogne-Franche-Comté,2022
user_00353,Data,40-44 ans,F,Occitanie,2022
user_00354,Data,30-34 ans,,Nouvelle-Aquitaine,2023
user_00355,Data,20-24 ans,,Nouvelle-Aquitaine,2022
user_00356,Data,25-29 ans,,Île-de-France,2022
user_00357,Data,30-34 ans,,Auvergne-Rhône-Alpes,2022
user_00358,Data,50-54 ans,M,Île-de-France,2022
user_00359,Data,20-24 ans,M,Centre-Val de Loire,2024
user_00360,Data,40-44 ans,M,Provence-Alpes-Côte d'Azur,2025
user_00361,Data,30-34 ans,F,Auvergne-Rhône-Alpes,2023
user_00362,Data,30-34 ans,,Grand Est,2023
user_00363,Data,40-44 ans,F,Nouvelle-Aquitaine,2022
user_00364,Data,30-34 ans,M,Nouvelle-Aquitaine,2022
user_00365,Data,40-44 ans,M,Île-de-France,2022
user_00366,Data,25-29 ans,F,Île-de-France,2023
user_00367,Data,50-54 ans,M,Provence-Alpes-Côte d'Azur,2025
user_00368,Data,55-59 ans,,Hauts-de-France,2022
user_00369,Data,45-49 ans,,Nouvelle-Aquitaine,2022
user_00370,Data,20-24 ans,M,Occitanie,2025
user_00371,Data,30-34 ans,,Auvergne-Rhône-Alpes,2022
user_00372,Data,20-24 ans,M,Hauts-de-France,2024
user_00373,Data,35-39 ans,F,Hauts-de-France,2022
user_00374,Data,45-49 ans,M,Île-de-France,2025
user_00375,Data,55-59 ans,M,Île-de-France,2023
user_00376,Data,30-34 ans,M,Occitanie,2025
user_00377,Data,40-44 ans,M,Île-de-France,2022
user_00378,Data,30-34 ans,,Île-de-France,2022
user_00379,Data,30-34 ans,M,Pays de la Loire,2022
user_00380,Data,45-49 ans,M,Hauts-de-France,2024
user_00381,Data,30-34 ans,M,Grand Est,2024
user_00382,Data,35-39 ans,,Occitanie,2022
user_00383,Data,30-34 ans,M,Grand Est,2023
user_00384,Data,25-29 ans,,Île-de-France,2023
user_00385,Data,55-59 ans,F,Auvergne-Rhône-Alpes,2022
user_00386,Data,40-44 ans,M,Île-de-France,2023
user_00387,Data,35-39 ans,M,Nouvelle-Aquitaine,2024
user_00388,Data,20-24 ans,F,Île-de-France,2023
user_00389,Data,20-24 ans,M,Nouvelle-Aquitaine,2024
user_00390,Data,60 ans ou plus,F,Bretagne,2025
user_00391,Data,25-29 ans,M,Pays de la Loire,2022
user_00392,Data,45-49 ans,,Auvergne-Rhône-Alpes,2023
user_00393,Data,40-44 ans,,Île-de-France,2025
user_00394,Data,30-34 ans,M,Normandie,2024
user_00395,Data,30-34 ans,M,Pays de la Loire,2022
user_00396,Data,30-34 ans,M,Bourgogne-Franche-Comté,2022
user_00397,Data,30-34 ans,M,Normandie,2022
user_00398,Data,30-34 ans,,Île-de-France,2023
user_00399,Data,25-29 ans,M,Provence-Alpes-Côte d'Azur,2023
user_00400,Data,25-29 ans,F,Hauts-de-France,2023
user_00401,Data,35-39 ans,F,Bourgogne-Franche-Comté,2025
user_00402,Data,40-44 ans,,Île-de-France,2022
user_00403,Data,35-39 ans,,Hauts-de-France,2023
user_00404,Data,30-34 ans,F,Occitanie,2024
user_00405,Data,25-29 ans,M,Occitanie,2023
user_00406,Data,30-34 ans,F,Île-de-France,2023
user_00407,Data,35-39 ans,M,Grand Est,2025
user_00408,Data,50-54 ans,F,Auvergne-Rhône-Alpes,2025
user_00409,Data,50-54 ans,M,Centre-Val de Loire,2025
user_00410,Data,40-44 ans,M,Occitanie,2024
user_00411,Data,25-29 ans,,Grand Est,2022
user_00412,Data,35-39 ans,F,Île-de-France,2023
user_00413,Data,30-34 ans,F,Île-de-France,2022
user_00414,Data,25-29 ans,F,Occitanie,2025
user_00415,Data,45-49 ans,M,Île-de-France,2022
user_00416,Data,35-39 ans,F,Auvergne-Rhône-Alpes,2023
user_00417,Data,45-49 ans,M,Île-de-France,2024
user_00418,Data,30-34 ans,M,Bourgogne-Franche-Comté,2025
user_00419,Data,40-44 ans,F,Île-de-France,2022
user_00420,Data,30-34 ans,F,Île-de-France,2023
user_00421,Data,25-29 ans,F,Île-de-France,2025
user_00422,Data,30-34 ans,M,Occitanie,2022
user_00423,Data,55-59 ans,M,Île-de-France,2022
user_00424,Data,25-29 ans,F,Île-de-France,2024
user_00425,Data,30-34 ans,F,Île-de-France,2023
user_00426,Data,30-34 ans,F,Île-de-France,2024
user_00427,Data,50-54 ans,M,Provence-Alpes-Côte d'Azur,2024
user_00428,Data,30-34 ans,M,Grand Est,2022
user_00429,Data,30-34 ans,M,Île-de-France,2022
user_00430,Data,40-44 ans,M,Île-de-France,2022
user_00431,Data,45-49 ans,M,Hauts-de-France,2025
user_00432,Data,60 ans ou plus,M,Île-de-France,2025
user_00433,Data,25-29 ans,M,Île-de-France,2022
user_00434,Data,35-39 ans,M,Auvergne-Rhône-Alpes,2025
user_00435,Data,30-34 ans,F,Île-de-France,2023
user_00436,Data,40-44 ans,M,Bretagne,2025
user_00437,Data,45-49 ans,F,Île-de-France,2022
user_00438,Data,50-54 ans,M,Île-de-France,2025
user_00439,Data,40-44 ans,,Île-de-France,2022
user_00440,Data,35-39 ans,,Île-de-France,2023
user_00441,Data,40-44 ans,M,Occitanie,2025
user_00442,Data,25-29 ans,F,Île-de-France,2022
user_00443,Data,55-59 ans,,Île-de-France,2023
user_00444,Data,50-54 ans,M,Bretagne,2023
user_00445,Data,20-24 ans,M,Île-de-France,2025
user_00446,Data,25-29 ans,F,Provence-Alpes-Côte d'Azur,2023
user_00447,Data,50-54 ans,,Île-de-France,2023
user_00448,Data,30-34 ans,M,Nouvelle-Aquitaine,2024
user_00449,Data,30-34 ans,M,Île-de-France,2025
user_00450,Data,25-29 ans,M,Auvergne-Rhône-Alpes,2024
user_00451,Data,30-34 ans,F,Provence-Alpes-Côte d'Azur,2025
user_00452,Data,50-54 ans,,Île-de-France,2022
user_00453,Data,25-29 ans,,Île-de-France,2022
user_00454,Data,25-29 ans,M,Île-de-France,2025
user_00455,Data,30-34 ans,M,DROM,2025
user_00456,Data,25-29 ans,M,Bourgogne-Franche-Comté,2025
user_00457,Data,40-44 ans,F,Auvergne-Rhône-Alpes,2025
user_00458,Data,50-54 ans,M,Hauts-de-France,2022
user_00459,Data,30-34 ans,M,Nouvelle-Aquitaine,2023
user_00460,Data,40-44 ans,F,Nouvelle-Aquitaine,2023
user_00461,Data,30-34 ans,M,Nouvelle-Aquitaine,2024
user_00462,Data,30-34 ans,M,Auvergne-Rhône-Alpes,2023
user_00463,Data,55-59 ans,F,Provence-Alpes-Côte d'Azur,2024
user_00464,Data,40-44 ans,,Île-de-France,2022
user_00465,Data,45-49 ans,M,Île-de-France,2025
user_00466,Data,30-34 ans,,Île-de-France,2023
user_00467,Data,45-49 ans,M,Île-de-France,2025
user_00468,Data,30-34 ans,M,Île-de-France,2023
user_00469,Data,30-34 ans,,Pays de la Loire,2022
user_00470,Data,40-44 ans,,Occitanie,2022
user_00471,Data,35-39 ans,,Île-de-France,2022
user_00472,Data,40-44 ans,,Auvergne-Rhône-Alpes,2024
user_00473,Data,35-39 ans,,Île-de-France,2022
user_00474,Data,20-24 ans,M,Provence-Alpes-Côte d'Azur,2025
user_00475,Data,50-54 ans,M,Nouvelle-Aquitaine,2022
user_00476,Data,30-34 ans,M,Île-de-France,2023
user_00477,Data,35-39 ans,M,Auvergne-Rhône-Alpes,2025
user_00478,Data,30-34 ans,M,Provence-Alpes-Côte d'Azur,2022
user_00479,Data,45-49 ans,F,Île-de-France,2025
user_00480,Data,25-29 ans,M,Hauts-de-France,2023
user_00481,Data,40-44 ans,,Auvergne-Rhône-Alpes,2022
user_00482,Data,35-39 ans,,Île-de-France,2022
user_00483,Data,50-54 ans,F,Auvergne-Rhône-Alpes,2022
user_00484,Data,25-29 ans,,Île-de-France,2023
user_00485,Data,25-29 ans,,Pays de la Loire,2022
user_00269,Data,30-34 ans,M,Bretagne,2024
user_00486,Data,25-29 ans,M,Île-de-France,2024
user_00487,Data,35-39 ans,M,Auvergne-Rhône-Alpes,2022
user_00488,Data,35-39 ans,M,Bourgogne-Franche-Comté,2024
user_00489,Data,40-44 ans,F,Île-de-France,2022
user_00490,Data,25-29 ans,M,Hauts-de-France,2024
user_00491,Data,30-34 ans,F,Île-de-France,2022
user_00492,Data,50-54 ans,,Auvergne-Rhône-Alpes,2023
user_00493,Data,60 ans ou plus,M,Provence-Alpes-Côte d'Azur,2023
user_00494,Data,40-44 ans,M,Île-de-France,2024
user_00495,Data,25-29 ans,F,Auvergne-Rhône-Alpes,2022
user_00496,Data,40-44 ans,M,Île-de-France,2025
user_00497,Data,50-54 ans,,Île-de-France,2023
user_00498,Data,40-44 ans,,Île-de-France,2022
user_00499,Data,30-34 ans,F,Île-de-France,2025
user_00500,Data,30-34 ans,,Centre-Val de Loire,2022
user_00501,Data,25-29 ans,M,Normandie,2023
user_00502,Data,30-34 ans,F,Nouvelle-Aquitaine,2025
user_00503,Data,30-34 ans,M,Île-de-France,2025
user_00504,Data,20-24 ans,M,Île-de-France,2024
user_00505,Data,45-49 ans,F,Pays de la Loire,2022
user_00506,Data,55-59 ans,M,Île-de-France,2023
user_00507,Data,45-49 ans,M,Île-de-France,2024
user_00508,Data,20-24 ans,F,Auvergne-Rhône-Alpes,2023
user_00509,Data,45-49 ans,F,Île-de-France,2023
user_00510,Data,35-39 ans,,Île-de-France,2024
user_00511,Data,40-44 ans,M,Pays de la Loire,2024
user_00512,Data,25-29 ans,M,Île-de-France,2022
user_00146,Data,55-59 ans,M,Grand Est,2024
user_00513,Data,25-29 ans,M,Auvergne-Rhône-Alpes,2025
user_00514,Data,35-39 ans,,Hauts-de-France,2023
user_00515,Data,40-44 ans,M,Île-de-France,2025
user_00516,Data,60 ans ou plus,,Bretagne,2025
user_00517,Data,35-39 ans,M,Provence-Alpes-Côte d'Azur,2023
user_00518,Data,25-29 ans,M,Île-de-France,2025
user_00519,Data,35-39 ans,M,Hauts-de-France,2025
user_00520,Data,30-34 ans,M,Île-de-France,2023
user_00521,Data,25-29 ans,,Hauts-de-France,2022
user_00522,Data,25-29 ans,M,Occitanie,2024
user_00523,Data,35-39 ans,F,Île-de-France,2025
user_00524,Data,30-34 ans,,Nouvelle-Aquitaine,2022
user_00525,Data,30-34 ans,M,Auvergne-Rhône-Alpes,2025
user_00526,Data,30-34 ans,M,Bourgogne-Franche-Comté,2025
user_00527,Data,40-44 ans,F,Auvergne-Rhône-Alpes,2022
user_00528,Data,25-29 ans,F,Île-de-France,2024
user_00529,Data,35-39 ans,M,Île-de-France,2025
user_00530,Data,20-24 ans,M,Auvergne-Rhône-Alpes,2023
user_00531,Data,30-34 ans,,Provence-Alpes-Côte d'Azur,2022
user_00529,Data,35-39 ans,M,Île-de-France,2023
user_00532,Data,35-39 ans,M,Grand Est,2023
user_00533,Data,40-44 ans,F,Nouvelle-Aquitaine,2024
user_00534,Data,35-39 ans,F,Nouvelle-Aquitaine,2024
user_00535,Data,30-34 ans,M,Hauts-de-France,2024
user_00536,Data,40-44 ans,F,Île-de-France,2025
user_00537,Data,35-39 ans,M,Grand Est,2022
user_00538,Data,30-34 ans,F,Île-de-France,2023
user_00539,Data,25-29 ans,M,Nouvelle-Aquitaine,2024
user_00540,Data,30-34 ans,M,Île-de-France,2025
user_00541,Data,35-39 ans,,Pays de la Loire,2022
user_00542,Data,45-49 ans,M,Provence-Alpes-Côte d'Azur,2023
user_00543,Data,30-34 ans,M,Île-de-France,2024
user_00544,Data,20-24 ans,M,Bourgogne-Franche-Comté,2024
user_00545,Data,25-29 ans,M,Grand Est,2024
user_00546,Data,45-49 ans,M,Auvergne-Rhône-Alpes,2022
user_00547,Data,30-34 ans,M,Hauts-de-France,2022
user_00548,Data,50-54 ans,F,Pays de la Loire,2023
user_00549,Data,40-44 ans,F,Auvergne-Rhône-Alpes,2023
user_00550,Data,35-39 ans,,Bretagne,2022
user_00551,Data,25-29 ans,,Nouvelle-Aquitaine,2022
user_00189,Data,30-34 ans,,Hauts-de-France,2023
user_00552,Data,35-39 ans,,Île-de-France,2022
user_00553,Data,40-44 ans,F,Île-de-France,2024
user_00554,Data,25-29 ans,F,Occitanie,2025
user_00555,Data,45-49 ans,F,Île-de-France,2025
user_00556,Data,25-29 ans,F,Provence-Alpes-Côte d'Azur,2024
user_00557,Data,45-49 ans,F,Île-de-France,2023
user_00558,Data,25-29 ans,F,Provence-Alpes-Côte d'Azur,2022
user_00559,Data,35-39 ans,M,Île-de-France,2024
user_00560,Data,25-29 ans,M,Grand Est,2025
user_00120,Data,35-39 ans,,Grand Est,2024
user_00561,Data,45-49 ans,M,Hauts-de-France,2025
user_00562,Data,30-34 ans,M,Provence-Alpes-Côte d'Azur,2025
user_00563,Data,45-49 ans,,Occitanie,2022
user_00564,Data,35-39 ans,F,Île-de-France,2022
user_00565,Data,50-54 ans,M,Île-de-France,2023
user_00566,Data,40-44 ans,,Auvergne-Rhône-Alpes,2022
user_00567,Data,25-29 ans,M,Île-de-France,2024
user_00568,Data,45-49 ans,,Île-de-France,2023
user_00569,Data,30-34 ans,F,Île-de-France,2024
user_00570,Data,45-49 ans,M,Occitanie,2023
user_00571,Data,25-29 ans,M,Hauts-de-France,2024
user_00572,Data,35-39 ans,F,Grand Est,2022
user_00573,Data,60 ans ou plus,M,Hauts-de-France,2023
user_00574,Data,25-29 ans,M,Auvergne-Rhône-Alpes,2023
user_00575,Data,45-49 ans,,Normandie,2025
user_00576,Data,30-34 ans,F,Île-de-France,2025
user_00577,Data,30-34 ans,M,Centre-Val de Loire,2022
user_00578,Data,55-59 ans,M,Île-de-France,2022
user_00579,Data,30-34 ans,M,Occitanie,2024
user_00580,Data,30-34 ans,F,Île-de-France,2022
user_00581,Data,25-29 ans,,Grand Est,2022
user_00582,Data,35-39 ans,F,Île-de-France,2025
user_00583,Data,25-29 ans,F,Île-de-France,2025
user_00584,Data,35-39 ans,M,Île-de-France,2022
user_00585,Data,55-59 ans,M,Occitanie,2024
user_00304,Data,20-24 ans,M,Nouvelle-Aquitaine,2023
user_00586,Data,45-49 ans,M,Nouvelle-Aquitaine,2023
user_00587,Data,25-29 ans,F,Île-de-France,2025
user_00588,Data,30-34 ans,,Centre-Val de Loire,2022
user_00589,Data,25-29 ans,M,Île-de-France,2022
user_00590,Data,60 ans ou plus,,Occitanie,2022
user_00591,Data,35-39 ans,,Île-de-France,2022
user_00592,Data,50-54 ans,M,Nouvelle-Aquitaine,2024
user_00593,Data,45-49 ans,M,Île-de-France,2024
user_00594,Data,55-59 ans,M,Île-de-France,2022
user_00595,Data,25-29 ans,F,Centre-Val de Loire,2023
user_00596,Data,45-49 ans,,Bretagne,2022
user_00597,Data,35-39 ans,F,Île-de-France,2025
user_00598,Data,45-49 ans,M,Île-de-France,2023
user_00599,Data,20-24 ans,F,Île-de-France,2024
user_00600,Data,30-34 ans,,Île-de-France,2022
user_00601,Data,30-34 ans,M,Auvergne-Rhône-Alpes,2022
user_00602,Data,45-49 ans,M,Île-de-France,2024
user_00603,Data,30-34 ans,M,Île-de-France,2023
user_00108,Data,35-39 ans,M,Provence-Alpes-Côte d'Azur,2024
user_00604,Data,25-29 ans,M,Nouvelle-Aquitaine,2025
user_00605,Data,25-29 ans,F,Auvergne-Rhône-Alpes,2022
user_00606,Data,35-39 ans,M,Grand Est,2025
user_00607,Data,35-39 ans,F,Auvergne-Rhône-Alpes,2022
user_00608,Data,40-44 ans,,Île-de-France,2023
user_00609,Data,40-44 ans,,Île-de-France,2023
user_00610,Data,35-39 ans,M,Occitanie,2022
user_00611,Data,30-34 ans,M,Île-de-France,2023
user_00612,Data,35-39 ans,M,Nouvelle-Aquitaine,2022
user_00613,Data,30-34 ans,,Île-de-France,2022
user_00614,Data,45-49 ans,M,Pays de la Loire,2025
user_00615,Data,30-34 ans,M,Nouvelle-Aquitaine,2024
user_00616,Data,35-39 ans,M,Île-de-France,2022
user_00617,Data,30-34 ans,M,Île-de-France,2025
user_00618,Data,35-39 ans,M,Bretagne,2022
user_00619,Data,40-44 ans,M,Auvergne-Rhône-Alpes,2023
user_00620,Data,30-34 ans,F,Île-de-France,2023
user_00621,Data,55-59 ans,,Île-de-France,2022
user_00622,Data,35-39 ans,M,Île-de-France,2022
user_00623,Data,25-29 ans,M,Île-de-France,2023
user_00624,Data,50-54 ans,M,Île-de-France,2022
user_00625,Data,35-39 ans,M,Île-de-France,2024
user_00626,Data,25-29 ans,M,Auvergne-Rhône-Alpes,2023
user_00627,Data,35-39 ans,F,Île-de-France,2025
user_00628,Data,40-44 ans,M,Île-de-France,2024
user_00629,Data,35-39 ans,F,Île-de-France,2023
user_00630,Data,30-34 ans,,Normandie,2024
user_00631,Data,35-39 ans,M,Île-de-France,2025
user_00632,Data,45-49 ans,M,Occitanie,2024
user_00633,Data,35-39 ans,F,Hauts-de-France,2023
user_00634,Data,40-44 ans,M,Île-de-France,2024
user_00635,Data,50-54 ans,M,Île-de-France,2023
user_00636,Data,60 ans ou plus,,Île-de-France,2023
user_00637,Data,30-34 ans,F,Auvergne-Rhône-Alpes,2022
user_00638,Data,40-44 ans,M,Auvergne-Rhône-Alpes,2023
user_00639,Data,40-44 ans,M,Bretagne,2024
user_00640,Data,30-34 ans,M,Provence-Alpes-Côte d'Azur,2022
user_00641,Data,25-29 ans,M,Pays de la Loire,2025
user_00642,Data,25-29 ans,M,Auvergne-Rhône-Alpes,2024
user_00643,Data,25-29 ans,F,Île-de-France,2024
user_00644,Data,45-49 ans,M,Île-de-France,2024
user_00645,Data,30-34 ans,F,Île-de-France,2025
user_00646,Data,40-44 ans,,Île-de-France,2022
user_00647,Data,35-39 ans,F,Île-de-France,2022
user_00648,Data,30-34 ans,,Pays de la Loire,2023
user_00649,Data,45-49 ans,M,Auvergne-Rhône-Alpes,2023
user_00650,Data,30-34 ans,M,Grand Est,2025
user_00651,Data,40-44 ans,M,Île-de-France,2025
user_00652,Data,25-29 ans,F,Île-de-France,2025
user_00653,Data,25-29 ans,M,Île-de-France,2025
user_00654,Data,25-29 ans,M,Île-de-France,2023
user_00655,Data,45-49 ans,M,Occitanie,2022
user_00656,Data,25-29 ans,M,Auvergne-Rhône-Alpes,2024
user_00657,Data,40-44 ans,M,Auvergne-Rhône-Alpes,2023
user_00658,Data,60 ans ou plus,M,Île-de-France,2022
user_00659,Data,25-29 ans,M,Auvergne-Rhône-Alpes,2025
user_00660,Data,30-34 ans,F,Île-de-France,2023
user_00661,Data,20-24 ans,M,Île-de-France,2023
user_00662,Data,50-54 ans,M,Bourgogne-Franche-Comté,2022
user_00663,Data,25-29 ans,F,Hauts-de-France,2022
user_00664,Data,25-29 ans,M,Auvergne-Rhône-Alpes,2025
user_00665,Data,30-34 ans,M,Île-de-France,2025
user_00666,Data,35-39 ans,M,Île-de-France,2023
user_00667,Data,30-34 ans,F,Auvergne-Rhône-Alpes,2025
user_00668,Data,40-44 ans,F,Île-de-France,2025
user_00669,Data,25-29 ans,,Île-de-France,2022
user_00670,Data,30-34 ans,M,DROM,2025
user_00671,Data,25-29 ans,,Île-de-France,2022
user_00672,Data,55-59 ans,F,Île-de-France,2023
user_00673,Data,35-39 ans,F,Île-de-France,2025
user_00674,Data,25-29 ans,,Île-de-France,2022
user_00675,Data,25-29 ans,M,Occitanie,2025
user_00676,Data,45-49 ans,M,Occitanie,2025
user_00677,Data,30-34 ans,F,Île-de-France,2022
user_00678,Data,50-54 ans,M,Auvergne-Rhône-Alpes,2022
user_00679,Data,45-49 ans,,Île-de-France,2022
user_00680,Data,30-34 ans,,Auvergne-Rhône-Alpes,2023
user_00681,Data,30-34 ans,,Île-de-France,2024
user_00682,Data,45-49 ans,F,DROM,2023
user_00683,Data,35-39 ans,M,Normandie,2022
user_00684,Data,55-59 ans,M,Île-de-France,2023
user_00685,Data,20-24 ans,M,Centre-Val de Loire,2023
user_00686,Data,25-29 ans,F,Pays de la Loire,2022
user_00687,Data,25-29 ans,,Île-de-France,2023
user_00688,Data,45-49 ans,F,Nouvelle-Aquitaine,2023
user_00689,Data,35-39 ans,,Provence-Alpes-Côte d'Azur,2024
user_00690,Data,35-39 ans,F,Île-de-France,2022
user_00691,Data,20-24 ans,M,Île-de-France,2025
user_00692,Data,45-49 ans,,Occitanie,2022
user_00693,Data,50-54 ans,,Île-de-France,2023
user_00694,Data,50-54 ans,,Île-de-France,2022
user_00695,Data,30-34 ans,,Auvergne-Rhône-Alpes,2022
user_00696,Data,40-44 ans,M,Provence-Alpes-Côte d'Azur,2022
user_00697,Data,30-34 ans,M,Occitanie,2024
user_00698,Data,45-49 ans,M,Grand Est,2022
user_00699,Data,25-29 ans,F,Bretagne,2024
user_00700,Data,30-34 ans,,Hauts-de-France,2022
user_00701,Data,55-59 ans,M,Nouvelle-Aquitaine,2022
user_00702,Data,25-29 ans,,Île-de-France,2022
user_00703,Data,50-54 ans,,Hauts-de-France,2023
user_00704,Data,30-34 ans,M,Grand Est,2023
user_00705,Data,35-39 ans,F,Île-de-France,2022
user_00706,Data,25-29 ans,F,Auvergne-Rhône-Alpes,2025
user_00707,Data,30-34 ans,,Grand Est,2022
user_00708,Data,35-39 ans,F,Île-de-France,2025
user_00709,Data,45-49 ans,M,Provence-Alpes-Côte d'Azur,2024
user_00710,Data,60 ans ou plus,M,Provence-Alpes-Côte d'Azur,2022
user_00711,Data,40-44 ans,F,Île-de-France,2023
user_00712,Data,25-29 ans,M,Île-de-France,2023
user_00713,Data,40-44 ans,M,Île-de-France,2022
user_00714,Data,30-34 ans,M,Nouvelle-Aquitaine,2024
user_00715,Data,30-34 ans,M,Île-de-France,2023
user_00716,Data,30-34 ans,M,Île-de-France,2022
user_00717,Data,40-44 ans,F,Île-de-France,2023
user_00718,Data,40-44 ans,F,Nouvelle-Aquitaine,2024
user_00719,Data,35-39 ans,M,Provence-Alpes-Côte d'Azur,2025
user_00720,Data,40-44 ans,,Auvergne-Rhône-Alpes,2022
user_00145,Data,55-59 ans,F,Pays de la Loire,2022
user_00721,Data,35-39 ans,M,Grand Est,2022
user_00722,Data,25-29 ans,F,Île-de-France,2024
user_00723,Data,40-44 ans,M,Nouvelle-Aquitaine,2024
user_00724,Data,35-39 ans,M,Grand Est,2024
user_00725,Data,45-49 ans,,Provence-Alpes-Côte d'Azur,2023
user_00726,Data,35-39 ans,F,Île-de-France,2023
user_00727,Data,25-29 ans,M,Île-de-France,2024
user_00728,Data,35-39 ans,M,Île-de-France,2025
user_00729,Data,35-39 ans,M,Île-de-France,2023
user_00730,Data,25-29 ans,M,Occitanie,2025
user_00731,Data,30-34 ans,,Occitanie,2022
user_00732,Data,30-34 ans,M,Île-de-France,2024
user_00733,Data,30-34 ans,,Île-de-France,2022
user_00734,Data,55-59 ans,F,Normandie,2025
user_00735,Data,35-39 ans,F,Île-de-France,2024
user_00736,Data,25-29 ans,M,Grand Est,2024
user_00737,Data,55-59 ans,M,Occitanie,2025
user_00738,Data,25-29 ans,M,Nouvelle-Aquitaine,2025
user_00739,Data,35-39 ans,,Normandie,2024
user_00740,Data,25-29 ans,M,Hauts-de-France,2023
user_00741,Data,25-29 ans,,Île-de-France,2022
user_00742,Data,35-39 ans,M,Normandie,2025
user_00743,Data,30-34 ans,,Île-de-France,2022
user_00744,Data,35-39 ans,,Île-de-France,2022
user_00596,Data,45-49 ans,,Bretagne,2023
user_00745,Data,45-49 ans,M,Île-de-France,2022
user_00746,Data,35-39 ans,,Île-de-France,2022
user_00747,Data,35-39 ans,M,Île-de-France,2025
user_00748,Data,25-29 ans,,Nouvelle-Aquitaine,2023
user_00749,Data,40-44 ans,,Île-de-France,2022
user_00750,Data,50-54 ans,F,Nouvelle-Aquitaine,2023
user_00751,Data,25-29 ans,M,Hauts-de-France,2025
user_00752,Data,30-34 ans,M,Île-de-France,2023
user_00753,Data,45-49 ans,M,Hauts-de-France,2023
user_00754,Data,20-24 ans,M,Auvergne-Rhône-Alpes,2024
user_00755,Data,35-39 ans,M,Île-de-France,2023
user_00756,Data,30-34 ans,F,Île-de-France,2025
user_00757,Data,45-49 ans,M,Provence-Alpes-Côte d'Azur,2022
user_00758,Data,55-59 ans,F,Grand Est,2025
user_00759,Data,25-29 ans,,Occitanie,2023
user_00760,Data,25-29 ans,M,Île-de-France,2025
user_00761,Data,40-44 ans,M,Nouvelle-Aquitaine,2022
user_00762,Data,45-49 ans,M,Hauts-de-France,2023
user_00763,Data,30-34 ans,,Occitanie,2022
user_00764,Data,25-29 ans,F,Île-de-France,2024
user_00765,Data,35-39 ans,,Île-de-France,2022
user_00766,Data,20-24 ans,M,Île-de-France,2024
user_00767,Data,25-29 ans,F,Auvergne-Rhône-Alpes,2024
user_00768,Data,30-34 ans,M,Normandie,2022
user_00769,Data,25-29 ans,F,Grand Est,2023
user_00770,Data,30-34 ans,M,Provence-Alpes-Côte d'Azur,2022
user_00771,Data,35-39 ans,,Île-de-France,2023
user_00772,Data,50-54 ans,M,Île-de-France,2024
user_00773,Data,45-49 ans,,Île-de-France,2025
user_00774,Data,45-49 ans,,Auvergne-Rhône-Alpes,2022
user_00775,Data,40-44 ans,F,Île-de-France,2022
user_00776,Data,35-39 ans,,Occitanie,2022
user_00777,Data,30-34 ans,,Auvergne-Rhône-Alpes,2022
user_00778,Data,30-34 ans,M,Hauts-de-France,2023
user_00779,Data,30-34 ans,F,Hauts-de-France,2023
user_00780,Data,45-49 ans,M,DROM,2024
user_00781,Data,55-59 ans,M,Île-de-France,2023
user_00782,Data,45-49 ans,,Île-de-France,2023
user_00783,Data,30-34 ans,,Auvergne-Rhône-Alpes,2023
user_00784,Data,25-29 ans,F,Occitanie,2025
user_00785,Data,35-39 ans,F,Île-de-France,2025
user_00786,Data,25-29 ans,M,Grand Est,2024
user_00787,Data,40-44 ans,F,Centre-Val de Loire,2025
user_00788,Data,35-39 ans,F,Île-de-France,2024
user_00789,Data,40-44 ans,M,Île-de-France,2022
user_00790,Data,35-39 ans,M,Île-de-France,2022
user_00791,Data,40-44 ans,M,Île-de-France,2023
user_00792,Data,40-44 ans,,Île-de-France,2022
user_00793,Data,25-29 ans,,Île-de-France,2023
user_00794,Data,25-29 ans,,Île-de-France,2022
user_00795,Data,25-29 ans,M,Île-de-France,2024
user_00796,Data,35-39 ans,,Île-de-France,2022
user_00797,Data,50-54 ans,,Île-de-France,2023
user_00798,Data,30-34 ans,F,Provence-Alpes-Côte d'Azur,2025
user_00799,Data,35-39 ans,,Île-de-France,2022
user_00800,Data,30-34 ans,F,Occitanie,2023
user_00801,Data,35-39 ans,,DROM,2025
user_00802,Data,30-34 ans,F,Nouvelle-Aquitaine,2024
user_00803,Data,45-49 ans,F,Nouvelle-Aquitaine,2022
user_00804,Data,30-34 ans,,Île-de-France,2022
user_00805,Data,40-44 ans,M,Centre-Val de Loire,2022
user_00806,Data,35-39 ans,M,Île-de-France,2022
user_00807,Data,50-54 ans,M,Grand Est,2025
user_00808,Data,30-34 ans,M,Île-de-France,2023
user_00809,Data,30-34 ans,M,Île-de-France,2022
user_00810,Data,35-39 ans,M,Île-de-France,2025
user_00811,Data,30-34 ans,F,Île-de-France,2023
user_00812,Data,30-34 ans,,Île-de-France,2023
user_00813,Data,30-34 ans,M,Nouvelle-Aquitaine,2025
user_00814,Data,20-24 ans,F,Provence-Alpes-Côte d'Azur,2025
user_00815,Data,25-29 ans,,Île-de-France,2022
user_00816,Data,55-59 ans,,Provence-Alpes-Côte d'Azur,2023
user_00817,Data,25-29 ans,,Île-de-France,2022
user_00818,Data,35-39 ans,M,Île-de-France,2025
user_00819,Data,45-49 ans,M,Centre-Val de Loire,2024
user_00820,Data,40-44 ans,M,Île-de-France,2023
user_00821,Data,50-54 ans,,Nouvelle-Aquitaine,2022
user_00822,Data,35-39 ans,M,Île-de-France,2023
user_00823,Data,35-39 ans,F,Hauts-de-France,2022
user_00824,Data,40-44 ans,M,Île-de-France,2025
user_00825,Data,35-39 ans,F,Île-de-France,2025
user_00826,Data,50-54 ans,F,Occitanie,2022
user_00827,Data,30-34 ans,F,Grand Est,2022
user_00828,Data,20-24 ans,M,Île-de-France,2025
user_00829,Data,30-34 ans,,Île-de-France,2022
user_00830,Data,30-34 ans,,Île-de-France,2022
user_00831,Data,35-39 ans,M,Île-de-France,2022
user_00832,Data,30-34 ans,M,Nouvelle-Aquitaine,2022
user_00833,Data,30-34 ans,,Île-de-France,2023
user_00834,Data,30-34 ans,,Grand Est,2022
user_00835,Data,35-39 ans,F,Hauts-de-France,2022
user_00836,Data,25-29 ans,,Bretagne,2022
user_00837,Data,25-29 ans,F,Auvergne-Rhône-Alpes,2024
user_00838,Data,30-34 ans,F,Île-de-France,2023
user_00839,Data,35-39 ans,M,Île-de-France,2024
user_00840,Data,45-49 ans,M,Île-de-France,2024
user_00841,Data,35-39 ans,,Île-de-France,2023
user_00842,Data,45-49 ans,,Île-de-France,2022
user_00843,Data,25-29 ans,M,Bretagne,2023
user_00844,Data,40-44 ans,M,Normandie,2022
user_00845,Data,45-49 ans,M,Hauts-de-France,2024
user_00846,Data,30-34 ans,F,Auvergne-Rhône-Alpes,2025
user_00847,Data,40-44 ans,F,Nouvelle-Aquitaine,2023
user_00848,Data,20-24 ans,M,Île-de-France,2025
user_00849,Data,30-34 ans,M,Occitanie,2025
user_00850,Data,50-54 ans,F,Île-de-France,2022
user_00851,Data,50-54 ans,,Provence-Alpes-Côte d'Azur,2022
user_00852,Data,30-34 ans,M,Île-de-France,2024
user_00853,Data,30-34 ans,M,Île-de-France,2025
user_00854,Data,40-44 ans,M,Centre-Val de Loire,2024
user_00855,Data,35-39 ans,,Hauts-de-France,2024
user_00856,Data,40-44 ans,M,Bourgogne-Franche-Comté,2023
user_00857,Data,25-29 ans,M,Île-de-France,2024
user_00858,Data,30-34 ans,M,Pays de la Loire,2023
user_00859,Data,35-39 ans,M,Centre-Val de Loire,2022
user_00860,Data,40-44 ans,M,Île-de-France,2023
user_00861,Data,20-24 ans,M,Hauts-de-France,2024
user_00862,Data,35-39 ans,,Hauts-de-France,2023
user_00863,Data,30-34 ans,,Île-de-France,2022
user_00864,Data,35-39 ans,,Occitanie,2023
user_00865,Data,50-54 ans,,Grand Est,2025
user_00866,Data,30-34 ans,F,Île-de-France,2022
user_00867,Data,25-29 ans,,Hauts-de-France,2022
user_00868,Data,25-29 ans,,Bretagne,2023
user_00869,Data,25-29 ans,M,Île-de-France,2024
user_00870,Data,30-34 ans,F,Hauts-de-France,2023
user_00871,Data,30-34 ans,M,Normandie,2023
user_00872,Data,25-29 ans,M,Île-de-France,2022
user_00873,Data,35-39 ans,,Île-de-France,2023
user_00874,Data,30-34 ans,M,Île-de-France,2023
user_00875,Data,25-29 ans,M,Île-de-France,2025
user_00876,Data,45-49 ans,M,Île-de-France,2022
user_00877,Data,50-54 ans,F,Île-de-France,2025
user_00593,Data,45-49 ans,M,Île-de-France,2023
user_00878,Data,25-29 ans,,Pays de la Loire,2024
user_00879,Data,55-59 ans,M,Île-de-France,2025
user_00539,Data,25-29 ans,M,Nouvelle-Aquitaine,2023
user_00880,Data,35-39 ans,,Île-de-France,2022
user_00881,Data,25-29 ans,M,Centre-Val de Loire,2024
user_00882,Data,30-34 ans,M,Auvergne-Rhône-Alpes,2023
user_00883,Data,25-29 ans,M,Centre-Val de Loire,2025
user_00884,Data,30-34 ans,,Île-de-France,2024
user_00885,Data,20-24 ans,M,Nouvelle-Aquitaine,2024
user_00886,Data,25-29 ans,,Île-de-France,2022
user_00887,Data,30-34 ans,M,Île-de-France,2025
user_00888,Data,60 ans ou plus,,Île-de-France,2022
user_00889,Data,40-44 ans,F,Provence-Alpes-Côte d'Azur,2025
user_00186,Data,30-34 ans,M,Grand Est,2024
user_00890,Data,40-44 ans,F,Île-de-France,2022
user_00826,Data,50-54 ans,F,Occitanie,2023
user_00891,Data,30-34 ans,F,Grand Est,2024
user_00892,Data,25-29 ans,F,Île-de-France,2023
user_00893,Data,30-34 ans,F,Grand Est,2025
user_00894,Data,25-29 ans,,Île-de-France,2023
user_00895,Data,35-39 ans,,Île-de-France,2023
user_00896,Data,35-39 ans,F,Île-de-France,2024
user_00897,Data,25-29 ans,M,Centre-Val de Loire,2025
user_00898,Data,40-44 ans,M,Île-de-France,2022
user_00899,Data,30-34 ans,F,Bretagne,2025
user_00900,Data,45-49 ans,,Nouvelle-Aquitaine,2024
user_00901,Data,35-39 ans,F,Hauts-de-France,2022
user_00902,Data,40-44 ans,,Occitanie,2022
user_00903,Data,25-29 ans,M,Auvergne-Rhône-Alpes,2024
user_00904,Data,25-29 ans,M,Île-de-France,2023
user_00905,Data,30-34 ans,,Occitanie,2022
user_00906,Data,30-34 ans,M,Île-de-France,2023
user_00907,Data,30-34 ans,F,Île-de-France,2024
user_00908,Data,40-44 ans,M,Auvergne-Rhône-Alpes,2025
user_00909,Data,35-39 ans,M,Auvergne-Rhône-Alpes,2023
user_00203,Data,35-39 ans,F,Île-de-France,2025
user_00910,Data,35-39 ans,,Provence-Alpes-Côte d'Azur,2022
user_00911,Data,20-24 ans,,Île-de-France,2022
user_00912,Data,30-34 ans,F,Provence-Alpes-Côte d'Azur,2025
user_00633,Data,35-39 ans,F,Hauts-de-France,2022
user_00913,Data,25-29 ans,F,Auvergne-Rhône-Alpes,2025
user_00914,Data,40-44 ans,,Occitanie,2022
user_00915,Data,40-44 ans,M,Île-de-France,2025
user_00916,Data,25-29 ans,F,Île-de-France,2023
user_00917,Data,25-29 ans,,Provence-Alpes-Côte d'Azur,2022
user_00918,Data,35-39 ans,M,Île-de-France,2025
user_00919,Data,30-34 ans,M,Île-de-France,2022
user_00920,Data,40-44 ans,,Occitanie,2022
user_00921,Data,45-49 ans,M,Provence-Alpes-Côte d'Azur,2022
user_00922,Data,40-44 ans,F,Pays de la Loire,2023
user_00923,Data,50-54 ans,M,Provence-Alpes-Côte d'Azur,2022
user_00924,Data,30-34 ans,M,Occitanie,2022
user_00925,Data,40-44 ans,F,Auvergne-Rhône-Alpes,2022
user_00926,Data,50-54 ans,,Île-de-France,2022
user_00927,Data,30-34 ans,M,Occitanie,2022
user_00928,Data,25-29 ans,M,Île-de-France,2022
user_00929,Data,25-29 ans,M,Île-de-France,2022
user_00930,Data,30-34 ans,M,Île-de-France,2022
user_00582,Data,35-39 ans,F,Île-de-France,2024
user_00086,Data,55-59 ans,M,Île-de-France,2023
user_00931,Data,25-29 ans,M,Pays de la Loire,2024
user_00932,Data,30-34 ans,M,Île-de-France,2024
user_00933,Data,30-34 ans,,Grand Est,2023
user_00934,Data,25-29 ans,M,Centre-Val de Loire,2025
user_00935,Data,25-29 ans,M,Île-de-France,2024
user_00936,Data,45-49 ans,F,Île-de-France,2024
user_00659,Data,25-29 ans,M,Auvergne-Rhône-Alpes,2024
user_00937,Data,40-44 ans,F,Île-de-France,2022
user_00938,Data,30-34 ans,F,Île-de-France,2023
user_00939,Data,25-29 ans,M,Provence-Alpes-Côte d'Azur,2023
user_00940,Data,30-34 ans,F,Auvergne-Rhône-Alpes,2023
user_00941,Data,45-49 ans,M,Île-de-France,2022
user_00942,Data,55-59 ans,M,Pays de la Loire,2024
user_00943,Data,25-29 ans,M,Île-de-France,2024
user_00944,Data,40-44 ans,M,Île-de-France,2025
user_00945,Data,40-44 ans,,Pays de la Loire,2022
user_00946,Data,45-49 ans,,Grand Est,2022
user_00947,Data,40-44 ans,M,Hauts-de-France,2023
user_00948,Data,40-44 ans,,Île-de-France,2022
user_00949,Data,40-44 ans,F,Auvergne-Rhône-Alpes,2022
user_00950,Data,50-54 ans,,Île-de-France,2022
user_00951,Data,50-54 ans,F,Île-de-France,2025
user_00952,Data,35-39 ans,,Île-de-France,2022
user_00953,Data,25-29 ans,M,Nouvelle-Aquitaine,2023
user_00954,Data,30-34 ans,M,Île-de-France,2024
user_00955,Data,40-44 ans,,Bretagne,2022
user_00956,Data,45-49 ans,M,Centre-Val de Loire,2023
user_00957,Data,30-34 ans,M,Île-de-France,2022
user_00958,Data,40-44 ans,F,Île-de-France,2024
user_00959,Data,35-39 ans,F,Île-de-France,2024
user_00960,Data,45-49 ans,,Bretagne,2022
user_00961,Data,35-39 ans,F,Île-de-France,2025
user_00962,Data,50-54 ans,,Nouvelle-Aquitaine,2023
user_00963,Data,50-54 ans,M,Provence-Alpes-Côte d'Azur,2025
user_00964,Data,25-29 ans,M,Nouvelle-Aquitaine,2023
user_00965,Data,25-29 ans,M,Auvergne-Rhône-Alpes,2022
user_00966,Data,25-29 ans,M,Île-de-France,2023
user_00274,Data,40-44 ans,F,Hauts-de-France,2025
user_00967,Data,40-44 ans,M,Occitanie,2024
user_00968,Data,25-29 ans,F,Nouvelle-Aquitaine,2024
user_00969,Data,30-34 ans,F,Bretagne,2025
user_00970,Data,40-44 ans,,Île-de-France,2023
user_00971,Data,25-29 ans,M,Auvergne-Rhône-Alpes,2022
user_00972,Data,20-24 ans,M,Occitanie,2025
user_00973,Data,25-29 ans,M,Île-de-France,2024
user_00974,Data,25-29 ans,M,Île-de-France,2024
user_00061,Data,35-39 ans,,Île-de-France,2023
user_00975,Data,35-39 ans,M,Pays de la Loire,2022
user_00976,Data,35-39 ans,M,Hauts-de-France,2023
user_00845,Data,45-49 ans,M,Hauts-de-France,2022
user_00977,Data,45-49 ans,,Provence-Alpes-Côte d'Azur,2022
user_00978,Data,30-34 ans,M,Pays de la Loire,2023
user_00979,Data,30-34 ans,F,Île-de-France,2023
user_00980,Data,35-39 ans,,Bourgogne-Franche-Comté,2022
user_00981,Data,45-49 ans,M,Nouvelle-Aquitaine,2022
user_00982,Data,30-34 ans,M,Nouvelle-Aquitaine,2022
user_00983,Data,35-39 ans,M,Hauts-de-France,2025
user_00984,Data,40-44 ans,M,Île-de-France,2024
user_00985,Data,25-29 ans,M,Hauts-de-France,2022
user_00986,Data,25-29 ans,M,Hauts-de-France,2024
user_00987,Data,20-24 ans,M,Centre-Val de Loire,2024
user_00988,Data,25-29 ans,,Île-de-France,2023
user_00989,Data,35-39 ans,,Île-de-France,2022
user_00990,Data,25-29 ans,F,Grand Est,2025
user_00991,Data,30-34 ans,M,Centre-Val de Loire,2025
user_00992,Data,45-49 ans,F,Occitanie,2025
user_00993,Data,40-44 ans,F,Bourgogne-Franche-Comté,2024
user_00994,Data,25-29 ans,M,Île-de-France,2023
user_00225,Data,30-34 ans,M,Provence-Alpes-Côte d'Azur,2023
user_00995,Data,25-29 ans,M,Provence-Alpes-Côte d'Azur,2022
user_00996,Data,45-49 ans,M,Île-de-France,2023
user_00997,Data,40-44 ans,,Île-de-France,2023
user_00998,Data,30-34 ans,F,Occitanie,2022
user_00999,Data,30-34 ans,M,Île-de-France,2022
user_01000,Data,45-49 ans,,Nouvelle-Aquitaine,2023
user_01001,Data,30-34 ans,M,Île-de-France,2025
user_01002,Data,25-29 ans,F,Nouvelle-Aquitaine,2022
user_01003,Data,45-49 ans,M,Grand Est,2024
user_01004,Data,25-29 ans,M,Hauts-de-France,2025
user_01005,Data,25-29 ans,M,Île-de-France,2022
user_01006,Data,25-29 ans,M,Île-de-France,2024
user_01007,Data,30-34 ans,,Provence-Alpes-Côte d'Azur,2022
user_01008,Data,35-39 ans,M,Centre-Val de Loire,2025
user_01009,Data,40-44 ans,F,Provence-Alpes-Côte d'Azur,2022
user_01010,Data,35-39 ans,M,Centre-Val de Loire,2022
user_01011,Data,30-34 ans,M,Provence-Alpes-Côte d'Azur,2025
user_00879,Data,55-59 ans,M,Île-de-France,2022
user_01012,Data,40-44 ans,,Nouvelle-Aquitaine,2022
user_01013,Data,30-34 ans,M,Île-de-France,2023
user_01014,Data,40-44 ans,M,Île-de-France,2022
user_01015,Data,55-59 ans,F,Provence-Alpes-Côte d'Azur,2025
user_01016,Data,35-39 ans,M,Auvergne-Rhône-Alpes,2022
user_01017,Data,35-39 ans,M,Île-de-France,2023
user_01018,Data,50-54 ans,F,Auvergne-Rhône-Alpes,2025
user_01019,Data,50-54 ans,M,Hauts-de-France,2022
user_01020,Data,25-29 ans,F,Île-de-France,2023
user_01021,Data,25-29 ans,F,Île-de-France,2022
user_01022,Data,25-29 ans,,Grand Est,2023
user_01023,Data,30-34 ans,M,Occitanie,2023
user_01024,Data,35-39 ans,F,Auvergne-Rhône-Alpes,2023
user_01025,Data,50-54 ans,M,Pays de la Loire,2025
user_01026,Data,40-44 ans,M,Grand Est,2022
user_00822,Data,35-39 ans,M,Île-de-France,2024
user_01027,Data,45-49 ans,M,Hauts-de-France,2024
user_01028,Data,45-49 ans,M,Île-de-France,2025
user_01029,Data,25-29 ans,M,Grand Est,2022
user_01030,Data,55-59 ans,M,Île-de-France,2023
user_01031,Data,35-39 ans,M,Grand Est,2025
user_00256,Data,30-34 ans,M,Île-de-France,2025
user_01032,Data,30-34 ans,,Île-de-France,2022
user_01033,Data,30-34 ans,F,Auvergne-Rhône-Alpes,2023
user_01034,Data,25-29 ans,,Nouvelle-Aquitaine,2022
user_01035,Data,30-34 ans,,Normandie,2022
user_01036,Data,30-34 ans,,Nouvelle-Aquitaine,2022
user_01037,Data,30-34 ans,M,Île-de-France,2024
user_01038,Data,55-59 ans,M,Grand Est,2025
user_01039,Data,20-24 ans,,DROM,2023
user_01040,Data,40-44 ans,F,Île-de-France,2025
user_00622,Data,35-39 ans,M,Île-de-France,2023
user_01041,Data,25-29 ans,F,Bourgogne-Franche-Comté,2022
user_01042,Data,55-59 ans,M,Île-de-France,2022
user_01043,Data,30-34 ans,,Île-de-France,2022
user_01044,Data,30-34 ans,M,Provence-Alpes-Côte d'Azur,2022
user_01045,Data,45-49 ans,F,DROM,2022
user_01046,Data,25-29 ans,,Pays de la Loire,2023
user_01047,Data,25-29 ans,F,Île-de-France,2025
user_01048,Data,20-24 ans,M,Auvergne-Rhône-Alpes,2025
user_00770,Data,30-34 ans,M,Provence-Alpes-Côte d'Azur,2023
user_01049,Data,25-29 ans,M,Île-de-France,2024
user_01050,Data,40-44 ans,M,Hauts-de-France,2025
user_01051,Data,35-39 ans,F,Île-de-France,2024
user_01052,Data,40-44 ans,M,Auvergne-Rhône-Alpes,2024
user_01053,Data,30-34 ans,F,Île-de-France,2024
user_01054,Data,35-39 ans,M,Île-de-France,2022
user_01055,Data,35-39 ans,F,Île-de-France,2025
user_01056,Data,30-34 ans,M,Nouvelle-Aquitaine,2022
user_01057,Data,25-29 ans,M,Auvergne-Rhône-Alpes,2024
user_01058,Data,35-39 ans,M,Occitanie,2023
user_01059,Data,35-39 ans,F,Normandie,2023
user_01060,Data,40-44 ans,M,Auvergne-Rhône-Alpes,2023
user_01061,Data,30-34 ans,M,Provence-Alpes-Côte d'Azur,2022
user_01062,Data,25-29 ans,M,Provence-Alpes-Côte d'Azur,2023
user_01063,Data,40-44 ans,,Grand Est,2022
user_01064,Data,20-24 ans,M,Pays de la Loire,2025
user_01065,Data,45-49 ans,M,Bourgogne-Franche-Comté,2025
user_01066,Data,35-39 ans,F,Île-de-France,2022
user_01067,Data,35-39 ans,,Normandie,2023
user_01068,Data,30-34 ans,M,Île-de-France,2022
user_00443,Data,55-59 ans,,Île-de-France,2022
user_00225,Data,30-34 ans,M,Provence-Alpes-Côte d'Azur,2024
user_01069,Data,55-59 ans,M,Provence-Alpes-Côte d'Azur,2024
user_01070,Data,45-49 ans,,Auvergne-Rhône-Alpes,2022
user_01071,Data,20-24 ans,F,Île-de-France,2024
user_01072,Data,25-29 ans,,Pays de la Loire,2022
user_01073,Data,25-29 ans,M,Grand Est,2024
user_01074,Data,45-49 ans,M,Auvergne-Rhône-Alpes,2022
user_01075,Data,35-39 ans,M,Grand Est,2022
user_01076,Data,30-34 ans,F,Île-de-France,2024
user_01077,Data,50-54 ans,M,Île-de-France,2022
user_01078,Data,35-39 ans,,Île-de-France,2024
user_01079,Data,60 ans ou plus,,Île-de-France,2022
user_00383,Data,30-34 ans,M,Grand Est,2022
user_01080,Data,35-39 ans,M,Île-de-France,2024
user_01081,Data,25-29 ans,M,Île-de-France,2024
user_01082,Data,50-54 ans,,Île-de-France,2025
user_01083,Data,35-39 ans,,Nouvelle-Aquitaine,2022
user_01084,Data,30-34 ans,M,Île-de-France,2022
user_01085,Data,25-29 ans,,Normandie,2022
user_01086,Data,35-39 ans,F,Île-de-France,2023
user_01087,Data,25-29 ans,F,Auvergne-Rhône-Alpes,2024
user_01088,Data,35-39 ans,F,Île-de-France,2023
user_01089,Data,30-34 ans,M,Île-de-France,2022
user_00467,Data,45-49 ans,M,Île-de-France,2024
user_01090,Data,35-39 ans,M,Île-de-France,2023
user_01091,Data,50-54 ans,M,Provence-Alpes-Côte d'Azur,2025
user_00109,Data,30-34 ans,,Île-de-France,2025
user_01092,Data,35-39 ans,M,Île-de-France,2023
user_01093,Data,30-34 ans,,Hauts-de-France,2022
user_01094,Data,25-29 ans,M,Île-de-France,2024
user_01095,Data,35-39 ans,,Île-de-France,2023
user_01096,Data,30-34 ans,M,Bourgogne-Franche-Comté,2024
user_01097,Data,55-59 ans,,Île-de-France,2024
user_01098,Data,30-34 ans,F,Île-de-France,2024
user_01099,Data,20-24 ans,M,Île-de-France,2024
user_01100,Data,20-24 ans,M,Nouvelle-Aquitaine,2024
user_01101,Data,30-34 ans,F,Occitanie,2025
user_01102,Data,40-44 ans,M,Île-de-France,2022
user_01103,Data,35-39 ans,M,Auvergne-Rhône-Alpes,2022
user_01104,Data,30-34 ans,M,Occitanie,2023
user_01105,Data,35-39 ans,,Nouvelle-Aquitaine,2022
user_01106,Data,25-29 ans,M,Grand Est,2025
user_01107,Data,40-44 ans,,Île-de-France,2022
user_01108,Data,35-39 ans,F,Hauts-de-France,2022
user_01109,Data,30-34 ans,F,Bourgogne-Franche-Comté,2022
user_01110,Data,30-34 ans,F,Île-de-France,2024
user_01111,Data,30-34 ans,F,Bretagne,2022
user_01112,Data,40-44 ans,,Auvergne-Rhône-Alpes,2022
user_01113,Data,30-34 ans,M,Hauts-de-France,2022
user_01114,Data,30-34 ans,M,Île-de-France,2022
user_01115,Data,45-49 ans,,Grand Est,2023
user_00488,Data,35-39 ans,M,Bourgogne-Franche-Comté,2023
user_01116,Data,30-34 ans,M,Île-de-France,2024
user_01117,Data,40-44 ans,M,Île-de-France,2024
user_01118,Data,45-49 ans,M,Île-de-France,2022
user_00506,Data,55-59 ans,M,Île-de-France,2025
user_01119,Data,30-34 ans,F,Auvergne-Rhône-Alpes,2024
user_00081,Data,45-49 ans,F,Bretagne,2024
user_01120,Data,45-49 ans,M,Hauts-de-France,2025
user_01121,Data,35-39 ans,F,Occitanie,2024
user_01122,Data,50-54 ans,M,Île-de-France,2022
user_01123,Data,30-34 ans,,Provence-Alpes-Côte d'Azur,2022
user_01124,Data,30-34 ans,,Île-de-France,2022
user_01125,Data,35-39 ans,M,Centre-Val de Loire,2022
user_01126,Data,25-29 ans,M,Provence-Alpes-Côte d'Azur,2025
user_01127,Data,25-29 ans,M,Normandie,2022
user_01128,Data,55-59 ans,M,Bretagne,2023
user_01129,Data,30-34 ans,M,Hauts-de-France,2025
user_01130,Data,25-29 ans,,Île-de-France,2022
user_01131,Data,50-54 ans,M,Centre-Val de Loire,2023
user_01132,Data,25-29 ans,M,Nouvelle-Aquitaine,2024
user_01133,Data,30-34 ans,,Île-de-France,2022
user_01134,Data,30-34 ans,M,Île-de-France,2023
user_00586,Data,45-49 ans,M,Nouvelle-Aquitaine,2025
user_01135,Data,25-29 ans,M,Île-de-France,2025
user_01136,Data,35-39 ans,M,Auvergne-Rhône-Alpes,2025
user_01137,Data,45-49 ans,M,Grand Est,2025
user_01138,Data,30-34 ans,M,Nouvelle-Aquitaine,2025
user_00660,Data,30-34 ans,F,Île-de-France,2022
user_01139,Data,30-34 ans,M,Île-de-France,2023
user_01140,Data,40-44 ans,M,Île-de-France,2022
user_01141,Data,30-34 ans,M,Nouvelle-Aquitaine,2022
user_01142,Data,35-39 ans,M,Île-de-France,2023
user_01143,Data,30-34 ans,,Provence-Alpes-Côte d'Azur,2022
user_01144,Data,50-54 ans,M,Île-de-France,2022
user_01145,Data,25-29 ans,,Île-de-France,2022
user_01146,Data,30-34 ans,F,Nouvelle-Aquitaine,2025
user_01147,Data,40-44 ans,M,Occitanie,2024
user_01148,Data,30-34 ans,F,Bourgogne-Franche-Comté,2025
user_01149,Data,25-29 ans,F,Provence-Alpes-Côte d'Azur,2024
user_01150,Data,25-29 ans,,Île-de-France,2023
user_01151,Data,25-29 ans,M,Île-de-France,2022
user_01152,Data,40-44 ans,,Occitanie,2023
user_01153,Data,35-39 ans,,Île-de-France,2023
user_00323,Data,35-39 ans,F,Île-de-France,2023
user_01154,Data,40-44 ans,M,Île-de-France,2025
user_01155,Data,30-34 ans,F,Hauts-de-France,2022
user_01156,Data,25-29 ans,,Île-de-France,2022
user_01157,Data,35-39 ans,,Auvergne-Rhône-Alpes,2022
user_01158,Data,40-44 ans,,Île-de-France,2022
user_01159,Data,45-49 ans,,Provence-Alpes-Côte d'Azur,2022
user_01160,Data,35-39 ans,M,Grand Est,2025
user_01161,Data,50-54 ans,F,Île-de-France,2023
user_01162,Data,25-29 ans,M,Auvergne-Rhône-Alpes,2024
user_01163,Data,25-29 ans,F,Provence-Alpes-Côte d'Azur,2023
user_01164,Data,30-34 ans,,Pays de la Loire,2022
user_01165,Data,35-39 ans,F,Île-de-France,2023
user_01166,Data,40-44 ans,M,Provence-Alpes-Côte d'Azur,2023
user_01167,Data,25-29 ans,M,Île-de-France,2022
user_01168,Data,45-49 ans,F,Normandie,2022
user_01169,Data,40-44 ans,,Nouvelle-Aquitaine,2022
user_00565,Data,50-54 ans,M,Île-de-France,2022
user_01170,Data,20-24 ans,M,Île-de-France,2022
user_01171,Data,45-49 ans,,Île-de-France,2022
user_01172,Data,30-34 ans,M,Provence-Alpes-Côte d'Azur,2025
user_01173,Data,35-39 ans,M,Bretagne,2022
user_01174,Data,35-39 ans,M,Île-de-France,2024
user_01175,Data,40-44 ans,M,Hauts-de-France,2022
user_01176,Data,45-49 ans,F,Île-de-France,2023
user_01177,Data,25-29 ans,F,Île-de-France,2025
user_01178,Data,30-34 ans,F,Centre-Val de Loire,2023
user_01179,Data,45-49 ans,M,Nouvelle-Aquitaine,2022
user_01180,Data,45-49 ans,F,Île-de-France,2023
user_01181,Data,35-39 ans,M,Provence-Alpes-Côte d'Azur,2025
user_01182,Data,45-49 ans,,Île-de-France,2023
user_01183,Data,25-29 ans,F,Île-de-France,2022
user_00923,Data,50-54 ans,M,Provence-Alpes-Côte d'Azur,2023
user_01184,Data,35-39 ans,F,Grand Est,2025
user_01185,Data,40-44 ans,F,Provence-Alpes-Côte d'Azur,2022
user_01186,Data,35-39 ans,M,Normandie,2024
user_01187,Data,40-44 ans,M,Hauts-de-France,2023
user_01188,Data,25-29 ans,F,Auvergne-Rhône-Alpes,2023
user_01189,Data,30-34 ans,M,Bourgogne-Franche-Comté,2022
user_01190,Data,40-44 ans,,Île-de-France,2022
user_01191,Data,30-34 ans,F,Île-de-France,2025
user_01192,Data,50-54 ans,,Île-de-France,2022
user_01193,Data,40-44 ans,,Île-de-France,2023
user_01194,Data,25-29 ans,M,Auvergne-Rhône-Alpes,2025
user_01195,Data,40-44 ans,F,Provence-Alpes-Côte d'Azur,2025
user_01196,Data,25-29 ans,,Île-de-France,2025
user_01197,Data,40-44 ans,M,Occitanie,2025
user_01198,Data,40-44 ans,F,Nouvelle-Aquitaine,2022
user_01199,Data,55-59 ans,,Auvergne-Rhône-Alpes,2023
user_01200,Data,30-34 ans,M,Île-de-France,2022
user_01201,Data,25-29 ans,M,Occitanie,2025
user_01202,Data,55-59 ans,M,Occitanie,2025
user_01203,Data,35-39 ans,M,Occitanie,2024
user_01204,Data,20-24 ans,M,Nouvelle-Aquitaine,2023
user_01205,Data,40-44 ans,F,Occitanie,2024
user_01206,Data,35-39 ans,,Île-de-France,2022
user_01207,Data,25-29 ans,M,Île-de-France,2023
user_01208,Data,25-29 ans,M,Normandie,2022
user_01209,Data,20-24 ans,M,Auvergne-Rhône-Alpes,2025
user_01210,Data,45-49 ans,M,Auvergne-Rhône-Alpes,2024
user_01211,Data,25-29 ans,F,Île-de-France,2023
user_01212,Data,35-39 ans,,Nouvelle-Aquitaine,2025
user_00035,Data,40-44 ans,M,Île-de-France,2023
user_01213,Data,30-34 ans,M,Provence-Alpes-Côte d'Azur,2022
user_01214,Data,50-54 ans,F,Occitanie,2025
user_01215,Data,40-44 ans,,Île-de-France,2023
user_01216,Data,45-49 ans,,Île-de-France,2023
user_01217,Data,35-39 ans,F,Occitanie,2022
user_01218,Data,25-29 ans,M,Bourgogne-Franche-Comté,2023
user_01219,Data,40-44 ans,F,Hauts-de-France,2022
user_01220,Data,50-54 ans,M,Île-de-France,2025
user_01221,Data,55-59 ans,M,Grand Est,2022
user_01222,Data,35-39 ans,,Île-de-France,2022
user_01223,Data,30-34 ans,M,Île-de-France,2025
user_01224,Data,25-29 ans,,Occitanie,2023
user_01225,Data,35-39 ans,M,Auvergne-Rhône-Alpes,2022
user_01226,Data,30-34 ans,M,Île-de-France,2025
user_01227,Data,35-39 ans,M,Occitanie,2022
user_01228,Data,40-44 ans,,Pays de la Loire,2022
user_01229,Data,30-34 ans,M,Île-de-France,2022
user_01230,Data,40-44 ans,M,Occitanie,2022
user_01231,Data,50-54 ans,M,Bretagne,2025
user_01232,Data,35-39 ans,F,Île-de-France,2024
user_01233,Data,25-29 ans,F,Île-de-France,2023
user_01234,Data,45-49 ans,M,Provence-Alpes-Côte d'Azur,2025
user_01235,Data,40-44 ans,M,Île-de-France,2022
user_01236,Data,30-34 ans,F,DROM,2025
user_01237,Data,30-34 ans,M,Île-de-France,2022
user_01238,Data,25-29 ans,F,Île-de-France,2025
user_01239,Data,25-29 ans,F,Île-de-France,2024
user_01240,Data,45-49 ans,M,Île-de-France,2022
user_01241,Data,40-44 ans,M,Île-de-France,2022
user_01242,Data,25-29 ans,M,Bretagne,2024
user_01243,Data,25-29 ans,M,Île-de-France,2023
user_01244,Data,50-54 ans,,Bretagne,2023
user_01245,Data,30-34 ans,M,Auvergne-Rhône-Alpes,2025
user_01246,Data,20-24 ans,F,Occitanie,2025
user_01247,Data,30-34 ans,M,Bretagne,2022
user_01248,Data,25-29 ans,,Île-de-France,2023
user_01249,Data,40-44 ans,M,Occitanie,2022
user_01250,Data,40-44 ans,F,Île-de-France,2022
user_01251,Data,60 ans ou plus,,Île-de-France,2023
user_01252,Data,40-44 ans,F,Île-de-France,2025
user_01253,Data,25-29 ans,M,Occitanie,2023
user_01254,Data,30-34 ans,,Île-de-France,2022
user_01255,Data,35-39 ans,M,Pays de la Loire,2022
user_01256,Data,30-34 ans,M,Auvergne-Rhône-Alpes,2023
user_01257,Data,40-44 ans,,Île-de-France,2023
user_01258,Data,25-29 ans,,Provence-Alpes-Côte d'Azur,2024
user_01058,Data,35-39 ans,M,Occitanie,2022
user_01259,Data,25-29 ans,M,Auvergne-Rhône-Alpes,2024
user_01260,Data,35-39 ans,M,Île-de-France,2023
user_01261,Data,35-39 ans,M,Île-de-France,2022
user_01262,Data,40-44 ans,M,Hauts-de-France,2022
user_01263,Data,30-34 ans,,Île-de-France,2023
user_01264,Data,30-34 ans,M,Auvergne-Rhône-Alpes,2022
user_01265,Data,55-59 ans,,Île-de-France,2022
user_01266,Data,55-59 ans,,Île-de-France,2023
user_01267,Data,45-49 ans,M,Île-de-France,2024
user_01268,Data,35-39 ans,M,Nouvelle-Aquitaine,2022
user_01269,Data,35-39 ans,M,Centre-Val de Loire,2024
user_01270,Data,30-34 ans,,Auvergne-Rhône-Alpes,2022
user_01271,Data,35-39 ans,F,Île-de-France,2023
user_01272,Data,30-34 ans,F,Hauts-de-France,2022
user_01273,Data,35-39 ans,,Hauts-de-France,2022
user_01274,Data,50-54 ans,,Auvergne-Rhône-Alpes,2023
user_01275,Data,25-29 ans,M,Auvergne-Rhône-Alpes,2025
user_01276,Data,25-29 ans,,Hauts-de-France,2023
user_01277,Data,45-49 ans,F,Provence-Alpes-Côte d'Azur,2025
user_01278,Data,30-34 ans,M,Île-de-France,2022
user_01279,Data,30-34 ans,,Auvergne-Rhône-Alpes,2023
user_01280,Data,35-39 ans,,Nouvelle-Aquitaine,2024
user_01281,Data,30-34 ans,M,Île-de-France,2023
user_01282,Data,25-29 ans,,Nouvelle-Aquitaine,2025
user_01283,Data,30-34 ans,M,Île-de-France,2022
user_01284,Data,25-29 ans,,Normandie,2022
user_01285,Data,35-39 ans,M,Pays de la Loire,2022
user_01286,Data,40-44 ans,F,Île-de-France,2022
user_01287,Data,20-24 ans,M,Île-de-France,2025
user_01288,Data,50-54 ans,F,Pays de la Loire,2022
user_01289,Data,30-34 ans,M,Île-de-France,2023
user_01290,Data,55-59 ans,M,Auvergne-Rhône-Alpes,2025
user_01291,Data,25-29 ans,F,Île-de-France,2025
user_01292,Data,35-39 ans,M,Grand Est,2022
user_01293,Data,25-29 ans,M,Grand Est,2023
user_01294,Data,25-29 ans,M,Île-de-France,2025
user_01295,Data,40-44 ans,M,Île-de-France,2023
user_01296,Data,45-49 ans,M,Occitanie,2022
user_01297,Data,45-49 ans,M,Provence-Alpes-Côte d'Azur,2025
user_01298,Data,25-29 ans,M,Île-de-France,2023
user_00826,Data,50-54 ans,F,Occitanie,2024
user_01299,Data,50-54 ans,F,Nouvelle-Aquitaine,2022
user_01300,Data,35-39 ans,M,Hauts-de-France,2022
user_01301,Data,45-49 ans,,Île-de-France,2023
user_01302,Data,35-39 ans,M,Occitanie,2022
user_01303,Data,40-44 ans,,Auvergne-Rhône-Alpes,2023
user_01304,Data,45-49 ans,M,Île-de-France,2025
user_01305,Data,25-29 ans,M,Provence-Alpes-Côte d'Azur,2025
user_01306,Data,35-39 ans,F,Île-de-France,2023
user_01307,Data,30-34 ans,M,Île-de-France,2023
user_01308,Data,30-34 ans,M,Nouvelle-Aquitaine,2023
user_00118,Data,25-29 ans,M,Île-de-France,2022
user_01309,Data,30-34 ans,M,Île-de-France,2024
user_01310,Data,35-39 ans,M,Bretagne,2024
user_01311,Data,30-34 ans,,Hauts-de-France,2023
user_01312,Data,35-39 ans,,Auvergne-Rhône-Alpes,2022
user_01313,Data,40-44 ans,,Île-de-France,2022
user_01314,Data,25-29 ans,M,Île-de-France,2023
user_01315,Data,30-34 ans,M,Occitanie,2024
user_01316,Data,50-54 ans,M,Île-de-France,2022
user_01317,Data,25-29 ans,M,Occitanie,2025
user_01318,Data,25-29 ans,M,Île-de-France,2023
user_01319,Data,25-29 ans,F,Provence-Alpes-Côte d'Azur,2022
user_01320,Data,25-29 ans,,Nouvelle-Aquitaine,2022
user_01321,Data,50-54 ans,M,Nouvelle-Aquitaine,2024
user_01322,Data,35-39 ans,M,Occitanie,2022
user_01323,Data,25-29 ans,M,Normandie,2022
user_01324,Data,30-34 ans,,Île-de-France,2025
user_01325,Data,25-29 ans,,Nouvelle-Aquitaine,2022
user_01326,Data,35-39 ans,,Île-de-France,2024
user_01327,Data,20-24 ans,,Grand Est,2025
user_01328,Data,60 ans ou plus,M,Auvergne-Rhône-Alpes,2024
user_01329,Data,25-29 ans,M,Grand Est,2022
user_01330,Data,30-34 ans,M,Pays de la Loire,2025
user_01331,Data,35-39 ans,,Île-de-France,2022
user_01332,Data,45-49 ans,M,Occitanie,2025
user_01333,Data,35-39 ans,,Île-de-France,2023
user_01334,Data,25-29 ans,M,Provence-Alpes-Côte d'Azur,2023
user_01335,Data,35-39 ans,M,Île-de-France,2023
user_01336,Data,25-29 ans,F,Auvergne-Rhône-Alpes,2025
user_00632,Data,45-49 ans,M,Occitanie,2022
user_00213,Data,25-29 ans,F,Île-de-France,2022
user_01337,Data,35-39 ans,,Normandie,2023
user_01338,Data,35-39 ans,,Île-de-France,2023
user_01339,Data,25-29 ans,F,Occitanie,2022
user_00996,Data,45-49 ans,M,Île-de-France,2022
user_01340,Data,50-54 ans,M,Nouvelle-Aquitaine,2024
user_01341,Data,30-34 ans,,Île-de-France,2023
user_01342,Data,25-29 ans,,Île-de-France,2022
user_01343,Data,30-34 ans,F,Île-de-France,2025
user_01344,Data,25-29 ans,M,Île-de-France,2024
user_01345,Data,20-24 ans,M,Bretagne,2025
user_01346,Data,30-34 ans,M,Hauts-de-France,2023
user_01347,Data,35-39 ans,M,Nouvelle-Aquitaine,2023
user_01348,Data,30-34 ans,F,Hauts-de-France,2022
user_01349,Data,30-34 ans,F,Auvergne-Rhône-Alpes,2022
user_01350,Data,45-49 ans,M,Île-de-France,2022
user_01351,Data,20-24 ans,F,Île-de-France,2025
user_01352,Data,35-39 ans,,Provence-Alpes-Côte d'Azur,2022
user_01353,Data,50-54 ans,M,Île-de-France,2025
user_01354,Data,25-29 ans,M,Île-de-France,2024
user_01355,Data,40-44 ans,M,Île-de-France,2022
user_01356,Data,25-29 ans,F,Île-de-France,2022
user_01357,Data,55-59 ans,M,Centre-Val de Loire,2024
user_01358,Data,30-34 ans,,Île-de-France,2024
user_00311,Data,35-39 ans,M,Bourgogne-Franche-Comté,2025
user_01359,Data,45-49 ans,,Grand Est,2023
user_01360,Data,30-34 ans,M,Île-de-France,2023
user_01361,Data,35-39 ans,M,Auvergne-Rhône-Alpes,2024
user_01362,Data,25-29 ans,,Île-de-France,2023
user_00536,Data,40-44 ans,F,Île-de-France,2024
user_01363,Data,30-34 ans,F,Grand Est,2024
user_01364,Data,30-34 ans,F,Centre-Val de Loire,2022
user_01365,Data,30-34 ans,,Auvergne-Rhône-Alpes,2022
user_00105,Data,35-39 ans,F,Normandie,2023
user_01215,Data,40-44 ans,,Île-de-France,2024
user_01366,Data,30-34 ans,,Occitanie,2022
user_01367,Data,30-34 ans,F,Pays de la Loire,2024
user_01368,Data,40-44 ans,M,Hauts-de-France,2025
user_01369,Data,20-24 ans,M,Centre-Val de Loire,2022
user_01370,Data,40-44 ans,M,Normandie,2025
user_01371,Data,35-39 ans,M,Occitanie,2025
user_01372,Data,40-44 ans,,Auvergne-Rhône-Alpes,2023
user_00045,Data,50-54 ans,M,Auvergne-Rhône-Alpes,2024
user_01307,Data,30-34 ans,M,Île-de-France,2022
user_01373,Data,25-29 ans,M,Île-de-France,2024
user_01374,Data,25-29 ans,,Bretagne,2023
user_01375,Data,35-39 ans,M,Île-de-France,2022
user_01376,Data,30-34 ans,M,Île-de-France,2022
user_01377,Data,40-44 ans,M,Île-de-France,2024
user_01378,Data,55-59 ans,,Île-de-France,2022
user_01379,Data,30-34 ans,M,Île-de-France,2022
user_01380,Data,25-29 ans,M,Grand Est,2023
user_01381,Data,35-39 ans,,Normandie,2022
user_01382,Data,25-29 ans,M,Occitanie,2022
user_01383,Data,30-34 ans,F,Provence-Alpes-Côte d'Azur,2023
user_01384,Data,25-29 ans,M,Île-de-France,2025
user_01385,Data,60 ans ou plus,,Provence-Alpes-Côte d'Azur,2023
user_01386,Data,40-44 ans,F,Hauts-de-France,2023
user_01387,Data,30-34 ans,M,Grand Est,2022
user_01388,Data,35-39 ans,M,Provence-Alpes-Côte d'Azur,2024
user_01389,Data,35-39 ans,F,Normandie,2024
user_01390,Data,25-29 ans,,Auvergne-Rhône-Alpes,2022
user_01391,Data,25-29 ans,M,Auvergne-Rhône-Alpes,2025
user_01392,Data,25-29 ans,M,Occitanie,2024
user_01393,Data,40-44 ans,M,Grand Est,2025
user_01394,Data,50-54 ans,F,Centre-Val de Loire,2025
user_00920,Data,40-44 ans,,Occitanie,2023
user_01395,Data,30-34 ans,,Grand Est,2022
user_01396,Data,55-59 ans,,Nouvelle-Aquitaine,2022
user_01397,Data,35-39 ans,,Pays de la Loire,2023
user_01398,Data,30-34 ans,,Île-de-France,2023
user_01399,Data,40-44 ans,F,Provence-Alpes-Côte d'Azur,2025
user_01400,Data,45-49 ans,,Auvergne-Rhône-Alpes,2022
user_01401,Data,30-34 ans,M,Île-de-France,2022
user_01402,Data,35-39 ans,M,Île-de-France,2022
user_01403,Data,40-44 ans,F,Île-de-France,2023
user_01404,Data,25-29 ans,M,Île-de-France,2024
user_01405,Data,25-29 ans,M,Île-de-France,2022
user_00657,Data,40-44 ans,M,Auvergne-Rhône-Alpes,2025
user_00458,Data,50-54 ans,M,Hauts-de-France,2023
user_01406,Data,35-39 ans,M,Île-de-France,2024
user_01407,Data,25-29 ans,,Occitanie,2023
user_01408,Data,30-34 ans,M,Hauts-de-France,2022
user_01409,Data,30-34 ans,,Hauts-de-France,2022
user_01410,Data,35-39 ans,F,Île-de-France,2022
user_01411,Data,25-29 ans,M,Hauts-de-France,2023
user_01412,Data,55-59 ans,F,Nouvelle-Aquitaine,2025
user_01413,Data,35-39 ans,,Hauts-de-France,2024
user_01414,Data,45-49 ans,F,Occitanie,2025
user_01415,Data,30-34 ans,,Île-de-France,2022
user_01416,Data,35-39 ans,,Pays de la Loire,2022
user_01417,Data,25-29 ans,F,Île-de-France,2024
user_01418,Data,30-34 ans,M,Île-de-France,2023
user_01419,Data,40-44 ans,F,Île-de-France,2022
user_01420,Data,35-39 ans,F,Grand Est,2023
user_01421,Data,35-39 ans,F,DROM,2023
user_00823,Data,35-39 ans,F,Hauts-de-France,2024
user_01422,Data,40-44 ans,,Nouvelle-Aquitaine,2023
user_01423,Data,55-59 ans,,Grand Est,2022
user_01424,Data,35-39 ans,M,Île-de-France,2023
user_01425,Data,45-49 ans,M,Île-de-France,2023
user_01426,Data,25-29 ans,M,Auvergne-Rhône-Alpes,2023
user_01427,Data,50-54 ans,,Auvergne-Rhône-Alpes,2022
user_01428,Data,25-29 ans,M,Grand Est,2024
user_01429,Data,55-59 ans,M,Auvergne-Rhône-Alpes,2022
user_01430,Data,20-24 ans,M,Bretagne,2024
user_01431,Data,40-44 ans,F,Nouvelle-Aquitaine,2022
user_01432,Data,20-24 ans,M,Île-de-France,2024
user_01433,Data,35-39 ans,M,Hauts-de-France,2023
user_01434,Data,30-34 ans,F,Bretagne,2022
user_01435,Data,25-29 ans,M,Île-de-France,2024
user_00616,Data,35-39 ans,M,Île-de-France,2025
user_01436,Data,30-34 ans,,Île-de-France,2022
user_01315,Data,30-34 ans,M,Occitanie,2022
user_01437,Data,30-34 ans,M,Grand Est,2024
user_01438,Data,35-39 ans,M,Auvergne-Rhône-Alpes,2024
user_01439,Data,35-39 ans,F,Centre-Val de Loire,2023
user_01440,Data,30-34 ans,M,Île-de-France,2025
user_01441,Data,35-39 ans,M,Occitanie,2025
user_01442,Data,45-49 ans,M,Île-de-France,2025
user_01443,Data,25-29 ans,M,Pays de la Loire,2022
user_01444,Data,40-44 ans,F,Île-de-France,2023
user_01445,Data,35-39 ans,M,DROM,2025
user_01446,Data,30-34 ans,M,Occitanie,2022
user_00982,Data,30-34 ans,M,Nouvelle-Aquitaine,2023
user_01447,Data,25-29 ans,M,Île-de-France,2023
user_01448,Data,40-44 ans,M,Bretagne,2025
user_01449,Data,30-34 ans,F,Centre-Val de Loire,2022
user_01450,Data,45-49 ans,M,Île-de-France,2022
user_01451,Data,20-24 ans,M,Grand Est,2022
user_01452,Data,25-29 ans,,Île-de-France,2023
user_01453,Data,30-34 ans,F,Pays de la Loire,2024
user_01454,Data,45-49 ans,M,Île-de-France,2022
user_01455,Data,35-39 ans,F,Île-de-France,2024
user_01456,Data,30-34 ans,,Île-de-France,2022
user_01457,Data,30-34 ans,,Île-de-France,2022
user_01458,Data,30-34 ans,F,Provence-Alpes-Côte d'Azur,2025
user_01459,Data,25-29 ans,,Île-de-France,2022
user_01460,Data,35-39 ans,F,Grand Est,2022
user_01461,Data,30-34 ans,M,Pays de la Loire,2023
user_01462,Data,30-34 ans,,Provence-Alpes-Côte d'Azur,2022
user_01463,Data,45-49 ans,M,Île-de-France,2022
user_01464,Data,25-29 ans,M,Île-de-France,2024
user_01465,Data,40-44 ans,,Nouvelle-Aquitaine,2022
user_01466,Data,30-34 ans,,Hauts-de-France,2023
user_01467,Data,30-34 ans,,Île-de-France,2024
user_01468,Data,35-39 ans,M,Île-de-France,2025
user_01469,Data,30-34 ans,F,Hauts-de-France,2024
user_00649,Data,45-49 ans,M,Auvergne-Rhône-Alpes,2022
user_01470,Data,30-34 ans,,Hauts-de-France,2022
user_01471,Data,30-34 ans,F,Centre-Val de Loire,2025
user_01472,Data,35-39 ans,F,Île-de-France,2023
user_01473,Data,30-34 ans,,Île-de-France,2022
user_01474,Data,20-24 ans,M,Bretagne,2024
user_01475,Data,30-34 ans,M,Île-de-France,2023
user_01476,Data,30-34 ans,,Auvergne-Rhône-Alpes,2023
user_01477,Data,25-29 ans,M,Île-de-France,2025
user_01478,Data,40-44 ans,F,Île-de-France,2023
user_01479,Data,35-39 ans,,Hauts-de-France,2023
user_01480,Data,40-44 ans,M,Hauts-de-France,2024
user_00019,Data,40-44 ans,F,DROM,2022
user_01481,Data,25-29 ans,F,Île-de-France,2024
user_01482,Data,50-54 ans,F,Île-de-France,2023
user_01483,Data,30-34 ans,F,Île-de-France,2022
user_01484,Data,25-29 ans,,Île-de-France,2023
user_01485,Data,30-34 ans,M,Île-de-France,2024
user_01486,Data,40-44 ans,M,Bretagne,2024
user_01487,Data,40-44 ans,F,Île-de-France,2022
user_01488,Data,50-54 ans,M,Île-de-France,2022
user_01489,Data,40-44 ans,F,Île-de-France,2024
user_01490,Data,35-39 ans,,Normandie,2022
user_01491,Data,35-39 ans,M,Occitanie,2022
user_01492,Data,30-34 ans,M,Hauts-de-France,2025
user_01493,Data,55-59 ans,,Île-de-France,2023
user_01494,Data,35-39 ans,F,Grand Est,2025
user_01495,Data,40-44 ans,F,Provence-Alpes-Côte d'Azur,2024
user_01496,Data,30-34 ans,M,Île-de-France,2022
user_01497,Data,35-39 ans,M,Grand Est,2025
user_01498,Data,50-54 ans,M,Grand Est,2022
user_01499,Data,45-49 ans,F,Île-de-France,2025
user_01500,Data,35-39 ans,,Île-de-France,2022
user_01501,Data,30-34 ans,M,Occitanie,2022
user_01502,Data,25-29 ans,F,Nouvelle-Aquitaine,2024
user_01503,Data,60 ans ou plus,,Île-de-France,2023
user_01504,Data,25-29 ans,F,Provence-Alpes-Côte d'Azur,2025
user_00753,Data,45-49 ans,M,Hauts-de-France,2024
user_00391,Data,25-29 ans,M,Pays de la Loire,2024
user_01505,Data,30-34 ans,M,Auvergne-Rhône-Alpes,2025
user_01506,Data,25-29 ans,M,Nouvelle-Aquitaine,2023
user_01224,Data,25-29 ans,,Occitanie,2024
user_01507,Data,30-34 ans,,Île-de-France,2024
user_01508,Data,30-34 ans,M,Île-de-France,2023
user_01509,Data,30-34 ans,M,Île-de-France,2022
user_01510,Data,35-39 ans,F,Île-de-France,2025
user_01511,Data,35-39 ans,F,Île-de-France,2023
user_01512,Data,25-29 ans,M,Île-de-France,2023
user_00609,Data,40-44 ans,,Île-de-France,2022
user_01513,Data,25-29 ans,M,Provence-Alpes-Côte d'Azur,2025
user_01425,Data,45-49 ans,M,Île-de-France,2025
user_01514,Data,25-29 ans,M,Occitanie,2022
user_01515,Data,55-59 ans,M,Occitanie,2022
user_01516,Data,45-49 ans,,Île-de-France,2023
user_01517,Data,45-49 ans,M,Provence-Alpes-Côte d'Azur,2022
user_01518,Data,25-29 ans,M,Hauts-de-France,2024
user_01519,Data,25-29 ans,,Grand Est,2022
user_01520,Data,50-54 ans,F,Île-de-France,2024
user_01521,Data,40-44 ans,M,Auvergne-Rhône-Alpes,2025
user_01040,Data,40-44 ans,F,Île-de-France,2024
user_01522,Data,55-59 ans,F,Occitanie,2022
user_01523,Data,40-44 ans,M,DROM,2025
user_01524,Data,30-34 ans,F,Île-de-France,2023
user_01525,Data,60 ans ou plus,,Île-de-France,2022
user_01526,Data,30-34 ans,F,Île-de-France,2023
user_01527,Data,50-54 ans,,Île-de-France,2022
user_01528,Data,50-54 ans,,Nouvelle-Aquitaine,2022
user_01529,Data,30-34 ans,M,DROM,2022
user_01530,Data,30-34 ans,,Occitanie,2023
user_01531,Data,20-24 ans,M,Bourgogne-Franche-Comté,2024
user_01532,Data,30-34 ans,,Grand Est,2022
user_01533,Data,35-39 ans,F,Île-de-France,2022
user_01534,Data,20-24 ans,F,Auvergne-Rhône-Alpes,2025
user_01535,Data,25-29 ans,F,Provence-Alpes-Côte d'Azur,2024
user_01536,Data,25-29 ans,M,Île-de-France,2024
user_01537,Data,30-34 ans,M,Pays de la Loire,2023
user_01538,Data,50-54 ans,M,Hauts-de-France,2022
user_01539,Data,25-29 ans,,Provence-Alpes-Côte d'Azur,2022
user_01540,Data,50-54 ans,,Île-de-France,2022
user_01541,Data,30-34 ans,M,Auvergne-Rhône-Alpes,2025
user_00145,Data,55-59 ans,F,Pays de la Loire,2025
user_01542,Data,30-34 ans,M,Île-de-France,2023
user_01543,Data,30-34 ans,M,Bretagne,2024
user_01544,Data,25-29 ans,M,Nouvelle-Aquitaine,2023
user_01545,Data,35-39 ans,,Grand Est,2024
user_01546,Data,25-29 ans,M,Nouvelle-Aquitaine,2024
user_01547,Data,30-34 ans,M,Île-de-France,2025
user_01548,Data,35-39 ans,F,Île-de-France,2025
user_01549,Data,60 ans ou plus,,Centre-Val de Loire,2022
user_01550,Data,40-44 ans,F,Pays de la Loire,2022
user_01551,Data,25-29 ans,M,Auvergne-Rhône-Alpes,2024
user_01552,Data,30-34 ans,,Bretagne,2023
user_01553,Data,25-29 ans,M,Île-de-France,2023
user_01554,Data,25-29 ans,M,Île-de-France,2022
user_01407,Data,25-29 ans,,Occitanie,2024
user_01555,Data,35-39 ans,M,Île-de-France,2025
user_01556,Data,25-29 ans,M,Centre-Val de Loire,2023
user_01557,Data,25-29 ans,M,Île-de-France,2023
user_01558,Data,40-44 ans,,Pays de la Loire,2022
user_00028,Data,30-34 ans,F,Île-de-France,2024
user_01559,Data,40-44 ans,M,Auvergne-Rhône-Alpes,2023
user_01560,Data,40-44 ans,M,Grand Est,2023
user_00591,Data,35-39 ans,,Île-de-France,2024
user_01561,Data,20-24 ans,M,Île-de-France,2024
user_01562,Data,30-34 ans,F,Centre-Val de Loire,2022
user_01563,Data,35-39 ans,,Île-de-France,2022
user_01564,Data,30-34 ans,F,Île-de-France,2024
user_01565,Data,50-54 ans,M,Nouvelle-Aquitaine,2022
user_00823,Data,35-39 ans,F,Hauts-de-France,2023
user_01566,Data,30-34 ans,,Île-de-France,2022
user_00883,Data,25-29 ans,M,Centre-Val de Loire,2024
user_01567,Data,30-34 ans,M,Auvergne-Rhône-Alpes,2024
user_01568,Data,50-54 ans,M,Île-de-France,2023
user_01569,Data,30-34 ans,M,Occitanie,2022
user_01570,Data,25-29 ans,,Hauts-de-France,2022
user_01571,Data,30-34 ans,M,Auvergne-Rhône-Alpes,2025
user_01572,Data,25-29 ans,,Bretagne,2022
user_01573,Data,45-49 ans,M,Auvergne-Rhône-Alpes,2022
user_01574,Data,45-49 ans,M,Grand Est,2025
user_01575,Data,35-39 ans,F,Île-de-France,2025
user_01576,Data,35-39 ans,M,Île-de-France,2022
user_01577,Data,40-44 ans,,Grand Est,2022
user_01578,Data,60 ans ou plus,,Île-de-France,2022
user_01579,Data,30-34 ans,,Occitanie,2022
user_01580,Data,40-44 ans,F,Île-de-France,2023
user_01581,Data,30-34 ans,M,Île-de-France,2022
user_01582,Data,35-39 ans,M,Centre-Val de Loire,2024
user_01583,Data,40-44 ans,M,Île-de-France,2024
user_01584,Data,40-44 ans,,Auvergne-Rhône-Alpes,2022
user_01585,Data,45-49 ans,M,Centre-Val de Loire,2023
user_01586,Data,20-24 ans,M,Auvergne-Rhône-Alpes,2022
user_01587,Data,30-34 ans,F,Île-de-France,2022
user_01588,Data,25-29 ans,,Auvergne-Rhône-Alpes,2022
user_01589,Data,30-34 ans,M,Centre-Val de Loire,2023
user_00213,Data,25-29 ans,F,Île-de-France,2023
user_01590,Data,40-44 ans,M,Occitanie,2022
user_01591,Data,35-39 ans,,Auvergne-Rhône-Alpes,2023
user_01592,Data,30-34 ans,F,Île-de-France,2025
user_01593,Data,25-29 ans,M,Grand Est,2023
user_01594,Data,45-49 ans,F,Auvergne-Rhône-Alpes,2025
user_01595,Data,25-29 ans,M,Île-de-France,2024
user_01596,Data,35-39 ans,M,Île-de-France,2025
user_01597,Data,35-39 ans,,Occitanie,2022
user_01598,Data,35-39 ans,F,Île-de-France,2022
user_01599,Data,35-39 ans,M,Bourgogne-Franche-Comté,2023
user_01600,Data,55-59 ans,M,Hauts-de-France,2022
user_01601,Data,30-34 ans,M,Hauts-de-France,2025
user_01602,Data,35-39 ans,M,Centre-Val de Loire,2022
user_01600,Data,55-59 ans,M,Hauts-de-France,2023
user_01603,Data,20-24 ans,F,Hauts-de-France,2023
user_01604,Data,30-34 ans,M,Île-de-France,2025
user_00993,Data,40-44 ans,F,Bourgogne-Franche-Comté,2022
user_01605,Data,35-39 ans,M,Île-de-France,2025
user_01606,Data,25-29 ans,M,Île-de-France,2025
user_01607,Data,30-34 ans,,Île-de-France,2023
user_01608,Data,25-29 ans,M,Nouvelle-Aquitaine,2025
user_01609,Data,25-29 ans,,Île-de-France,2025
user_01610,Data,40-44 ans,M,Auvergne-Rhône-Alpes,2025
user_01611,Data,30-34 ans,M,Île-de-France,2023
user_01611,Data,30-34 ans,M,Île-de-France,2025
user_01612,Data,25-29 ans,M,Hauts-de-France,2024
user_01613,Data,30-34 ans,M,Bourgogne-Franche-Comté,2025
user_01614,Data,35-39 ans,,Pays de la Loire,2023
user_01615,Data,25-29 ans,,Île-de-France,2023
user_01616,Data,25-29 ans,M,Pays de la Loire,2025
user_01617,Data,40-44 ans,M,Île-de-France,2024
user_01618,Data,45-49 ans,M,Île-de-France,2023
user_01619,Data,30-34 ans,F,Grand Est,2022
user_01620,Data,30-34 ans,F,Grand Est,2025
user_01621,Data,35-39 ans,,Île-de-France,2022
user_01622,Data,35-39 ans,M,Île-de-France,2022
user_01493,Data,55-59 ans,,Île-de-France,2024
user_01409,Data,30-34 ans,,Hauts-de-France,2024
user_01623,Data,25-29 ans,,Provence-Alpes-Côte d'Azur,2022
user_01624,Data,50-54 ans,,Île-de-France,2022
user_01625,Data,30-34 ans,M,Auvergne-Rhône-Alpes,2024
user_01626,Data,35-39 ans,,Hauts-de-France,2022
user_00040,Data,40-44 ans,F,Île-de-France,2023
user_01627,Data,30-34 ans,M,Île-de-France,2025
user_00546,Data,45-49 ans,M,Auvergne-Rhône-Alpes,2024
user_01628,Data,20-24 ans,M,Hauts-de-France,2024
user_01629,Data,30-34 ans,M,Bourgogne-Franche-Comté,2022
user_01630,Data,30-34 ans,M,Provence-Alpes-Côte d'Azur,2023
user_01631,Data,30-34 ans,M,Auvergne-Rhône-Alpes,2022
user_01632,Data,35-39 ans,,Île-de-France,2025
user_01633,Data,30-34 ans,M,Provence-Alpes-Côte d'Azur,2024
user_01634,Data,20-24 ans,M,Grand Est,2024
user_01635,Data,50-54 ans,F,Provence-Alpes-Côte d'Azur,2024
user_01636,Data,20-24 ans,M,Île-de-France,2024
user_01637,Data,30-34 ans,M,Île-de-France,2024
user_01638,Data,40-44 ans,F,Île-de-France,2023
user_01639,Data,50-54 ans,M,Île-de-France,2024
user_01640,Data,40-44 ans,,Île-de-France,2022
user_01641,Data,25-29 ans,M,Bretagne,2024
user_00076,Data,25-29 ans,M,Île-de-France,2025
user_01642,Data,30-34 ans,F,Provence-Alpes-Côte d'Azur,2025
user_00625,Data,35-39 ans,M,Île-de-France,2022
user_01643,Data,30-34 ans,F,Auvergne-Rhône-Alpes,2023
user_01644,Data,35-39 ans,M,Occitanie,2023
user_01645,Data,45-49 ans,,Île-de-France,2024
user_01646,Data,30-34 ans,,Pays de la Loire,2022
user_01647,Data,25-29 ans,M,Île-de-France,2025
user_00348,Data,35-39 ans,M,Hauts-de-France,2023
user_01648,Data,35-39 ans,M,Occitanie,2022
user_01649,Data,30-34 ans,F,Île-de-France,2025
user_01650,Data,60 ans ou plus,M,Île-de-France,2022
user_01651,Data,35-39 ans,M,Île-de-France,2023
user_01652,Data,20-24 ans,F,Île-de-France,2023
user_01653,Data,50-54 ans,M,Île-de-France,2023
user_01654,Data,50-54 ans,M,Normandie,2023
user_01655,Data,35-39 ans,F,Auvergne-Rhône-Alpes,2025
user_01656,Data,30-34 ans,M,Île-de-France,2024
user_01657,Data,30-34 ans,M,Nouvelle-Aquitaine,2022
user_01658,Data,50-54 ans,M,Hauts-de-France,2022
user_01659,Data,55-59 ans,F,Auvergne-Rhône-Alpes,2025
user_01660,Data,25-29 ans,F,Île-de-France,2024
user_01661,Data,35-39 ans,F,Île-de-France,2022
user_01662,Data,35-39 ans,,Île-de-France,2022
user_01663,Data,30-34 ans,,Île-de-France,2022
user_01664,Data,25-29 ans,,Île-de-France,2022
user_01665,Data,50-54 ans,,Île-de-France,2023
user_01666,Data,30-34 ans,,Provence-Alpes-Côte d'Azur,2024
user_01667,Data,40-44 ans,M,Île-de-France,2022
user_01405,Data,25-29 ans,M,Île-de-France,2023
user_01668,Data,40-44 ans,M,Île-de-France,2023
user_01669,Data,25-29 ans,,Nouvelle-Aquitaine,2022
user_01670,Data,55-59 ans,F,Île-de-France,2022
user_01087,Data,25-29 ans,F,Auvergne-Rhône-Alpes,2022
user_01671,Data,25-29 ans,M,Île-de-France,2022
user_01672,Data,45-49 ans,M,Île-de-France,2025
user_01673,Data,35-39 ans,,Auvergne-Rhône-Alpes,2022
user_01674,Data,35-39 ans,F,Occitanie,2024
user_01675,Data,55-59 ans,F,Provence-Alpes-Côte d'Azur,2022
user_01676,Data,45-49 ans,M,Île-de-France,2023
user_01677,Data,40-44 ans,M,Île-de-France,2022
user_01678,Data,50-54 ans,M,Île-de-France,2024
user_01679,Data,25-29 ans,F,Occitanie,2025
user_01680,Data,25-29 ans,F,Auvergne-Rhône-Alpes,2025
user_01681,Data,50-54 ans,,Grand Est,2023
user_01682,Data,30-34 ans,M,Hauts-de-France,2023
user_01683,Data,40-44 ans,,Grand Est,2022
user_01684,Data,40-44 ans,,Île-de-France,2024
user_01685,Data,30-34 ans,M,Île-de-France,2022
user_01686,Data,25-29 ans,F,Grand Est,2023
user_01687,Data,40-44 ans,M,Auvergne-Rhône-Alpes,2022
user_01688,Data,30-34 ans,,Île-de-France,2022
user_01146,Data,30-34 ans,F,Nouvelle-Aquitaine,2024
user_01689,Data,30-34 ans,M,Île-de-France,2024
user_01690,Data,25-29 ans,M,Provence-Alpes-Côte d'Azur,2025
user_01691,Data,45-49 ans,F,Île-de-France,2023
user_01692,Data,45-49 ans,M,Occitanie,2024
user_01693,Data,40-44 ans,,Hauts-de-France,2022
user_00673,Data,35-39 ans,F,Île-de-France,2024
user_01694,Data,40-44 ans,,Île-de-France,2023
user_01695,Data,30-34 ans,M,Hauts-de-France,2025
user_01696,Data,25-29 ans,M,Île-de-France,2023
user_01697,Data,45-49 ans,F,Pays de la Loire,2022
user_01698,Data,30-34 ans,,Île-de-France,2025
user_01699,Data,40-44 ans,M,Nouvelle-Aquitaine,2024
user_01700,Data,35-39 ans,M,Pays de la Loire,2025
user_00257,Data,30-34 ans,,Île-de-France,2022
user_01701,Data,25-29 ans,,Auvergne-Rhône-Alpes,2022
user_01702,Data,35-39 ans,,Auvergne-Rhône-Alpes,2022
user_01703,Data,35-39 ans,M,Grand Est,2023
user_01704,Data,30-34 ans,M,Nouvelle-Aquitaine,2024
user_01705,Data,25-29 ans,,Île-de-France,2022
user_01706,Data,50-54 ans,M,Île-de-France,2025
user_01707,Data,25-29 ans,F,Occitanie,2024
user_01708,Data,40-44 ans,,Provence-Alpes-Côte d'Azur,2022
user_01709,Data,30-34 ans,M,Île-de-France,2022
user_01710,Data,30-34 ans,M,Île-de-France,2022
user_01711,Data,30-34 ans,,Île-de-France,2022
user_01712,Data,35-39 ans,F,Île-de-France,2022
user_00265,Data,40-44 ans,M,Île-de-France,2022
user_01713,Data,60 ans ou plus,M,Île-de-France,2023
user_01714,Data,40-44 ans,M,Provence-Alpes-Côte d'Azur,2025
user_01715,Data,35-39 ans,M,Grand Est,2025
user_01716,Data,25-29 ans,M,Auvergne-Rhône-Alpes,2023
user_01717,Data,45-49 ans,M,Auvergne-Rhône-Alpes,2025
user_01718,Data,30-34 ans,M,Nouvelle-Aquitaine,2022
user_01719,Data,45-49 ans,M,Provence-Alpes-Côte d'Azur,2025
user_01720,Data,35-39 ans,,Auvergne-Rhône-Alpes,2023
user_01721,Data,45-49 ans,F,Provence-Alpes-Côte d'Azur,2022
user_01722,Data,25-29 ans,M,Hauts-de-France,2024
user_01723,Data,25-29 ans,F,Île-de-France,2024
user_00218,Data,25-29 ans,M,Île-de-France,2024
user_01724,Data,25-29 ans,,Auvergne-Rhône-Alpes,2023
user_01725,Data,45-49 ans,,Île-de-France,2022
user_01726,Data,30-34 ans,F,Bretagne,2022
user_01727,Data,40-44 ans,,Auvergne-Rhône-Alpes,2023
user_01728,Data,50-54 ans,M,Provence-Alpes-Côte d'Azur,2022
user_01729,Data,25-29 ans,M,Île-de-France,2022
user_01730,Data,35-39 ans,M,Île-de-France,2024
user_01731,Data,45-49 ans,,Île-de-France,2023
user_01732,Data,35-39 ans,F,Île-de-France,2022
user_00162,Data,30-34 ans,M,Auvergne-Rhône-Alpes,2023
user_01733,Data,25-29 ans,F,Île-de-France,2022
user_00530,Data,20-24 ans,M,Auvergne-Rhône-Alpes,2024
user_01734,Data,30-34 ans,M,Hauts-de-France,2022
user_01735,Data,45-49 ans,M,Île-de-France,2025
user_01736,Data,30-34 ans,,Île-de-France,2022
user_01737,Data,30-34 ans,M,Île-de-France,2025
user_01738,Data,50-54 ans,M,Île-de-France,2022
user_01739,Data,45-49 ans,F,Île-de-France,2022
user_01740,Data,30-34 ans,M,DROM,2022
user_01741,Data,50-54 ans,M,Île-de-France,2025
user_00208,Data,30-34 ans,M,Île-de-France,2022
user_01742,Data,25-29 ans,M,Centre-Val de Loire,2025
user_01743,Data,30-34 ans,M,Nouvelle-Aquitaine,2025
user_01744,Data,25-29 ans,M,Provence-Alpes-Côte d'Azur,2023
user_01745,Data,35-39 ans,M,Grand Est,2022
user_01746,Data,25-29 ans,M,Hauts-de-France,2023
user_01747,Data,35-39 ans,,Île-de-France,2022
user_01748,Data,30-34 ans,M,Hauts-de-France,2023
user_01749,Data,45-49 ans,,Île-de-France,2023
user_01750,Data,30-34 ans,,Normandie,2023
user_00986,Data,25-29 ans,M,Hauts-de-France,2025
user_01751,Data,40-44 ans,,Grand Est,2022
user_01752,Data,25-29 ans,,Grand Est,2022
user_01753,Data,35-39 ans,,Occitanie,2022
user_01220,Data,50-54 ans,M,Île-de-France,2024
user_01754,Data,25-29 ans,M,Occitanie,2025
user_01755,Data,40-44 ans,,Île-de-France,2022
user_00682,Data,45-49 ans,F,DROM,2025
user_01756,Data,30-34 ans,,Île-de-France,2025
user_01757,Data,35-39 ans,M,Île-de-France,2024
user_01758,Data,25-29 ans,,Nouvelle-Aquitaine,2023
user_01759,Data,30-34 ans,,Île-de-France,2023
user_01760,Data,40-44 ans,F,Île-de-France,2025
user_01761,Data,45-49 ans,F,Île-de-France,2023
user_01762,Data,25-29 ans,,Île-de-France,2023
user_01763,Data,30-34 ans,M,Île-de-France,2022
user_00328,Data,30-34 ans,M,Île-de-France,2024
user_01764,Data,30-34 ans,F,Île-de-France,2025
user_01765,Data,25-29 ans,M,Île-de-France,2025
user_01766,Data,30-34 ans,F,Occitanie,2022
user_01767,Data,55-59 ans,M,Île-de-France,2022
user_01768,Data,40-44 ans,,Provence-Alpes-Côte d'Azur,2022
user_01769,Data,40-44 ans,M,Normandie,2025
user_01770,Data,30-34 ans,F,Île-de-France,2023
user_01771,Data,35-39 ans,,Île-de-France,2022
user_01772,Data,30-34 ans,,Île-de-France,2022
user_01773,Data,30-34 ans,,Hauts-de-France,2025
user_01774,Data,30-34 ans,F,Île-de-France,2022
user_01775,Data,30-34 ans,,Île-de-France,2022
user_01776,Data,25-29 ans,F,Île-de-France,2025
user_01777,Data,35-39 ans,F,Bourgogne-Franche-Comté,2022
user_01778,Data,30-34 ans,M,Grand Est,2025
user_01779,Data,30-34 ans,,Île-de-France,2023
user_01780,Data,30-34 ans,,Île-de-France,2022
user_01781,Data,40-44 ans,M,Grand Est,2022
user_01037,Data,30-34 ans,M,Île-de-France,2025
user_01782,Data,25-29 ans,M,Auvergne-Rhône-Alpes,2022
user_01783,Data,40-44 ans,M,Centre-Val de Loire,2024
user_01784,Data,30-34 ans,,Île-de-France,2023
user_00416,Data,35-39 ans,F,Auvergne-Rhône-Alpes,2022
user_01785,Data,60 ans ou plus,,Nouvelle-Aquitaine,2022
user_01786,Data,25-29 ans,F,Île-de-France,2022
user_01787,Data,50-54 ans,,Bretagne,2022
user_00345,Data,45-49 ans,F,Bretagne,2024
user_01788,Data,40-44 ans,M,Île-de-France,2025
user_01789,Data,25-29 ans,M,Île-de-France,2023
user_01790,Data,50-54 ans,,Île-de-France,2024
user_01791,Data,30-34 ans,F,Île-de-France,2023
user_01792,Data,40-44 ans,,Île-de-France,2023
user_01793,Data,30-34 ans,F,Hauts-de-France,2022
user_01794,Data,35-39 ans,,Nouvelle-Aquitaine,2024
user_01795,Data,30-34 ans,,Île-de-France,2022
user_01796,Data,40-44 ans,,Île-de-France,2023
user_01797,Data,55-59 ans,,Île-de-France,2022
user_01798,Data,20-24 ans,M,Hauts-de-France,2023
user_01799,Data,35-39 ans,M,Occitanie,2022
user_01277,Data,45-49 ans,F,Provence-Alpes-Côte d'Azur,2024
user_01800,Data,35-39 ans,,Pays de la Loire,2023
user_01801,Data,35-39 ans,M,Île-de-France,2022
user_01802,Data,30-34 ans,M,Grand Est,2023
user_01803,Data,25-29 ans,M,Île-de-France,2025
user_01804,Data,20-24 ans,F,Hauts-de-France,2025
user_01805,Data,55-59 ans,M,Provence-Alpes-Côte d'Azur,2025
user_01806,Data,30-34 ans,M,Île-de-France,2025
user_01807,Data,30-34 ans,M,Auvergne-Rhône-Alpes,2022
user_01808,Data,40-44 ans,M,Île-de-France,2022
user_01809,Data,35-39 ans,,Île-de-France,2022
user_01810,Data,25-29 ans,,Auvergne-Rhône-Alpes,2022
user_01811,Data,35-39 ans,M,Provence-Alpes-Côte d'Azur,2025
user_01812,Data,25-29 ans,,Île-de-France,2023
user_01006,Data,25-29 ans,M,Île-de-France,2023
user_01282,Data,25-29 ans,,Nouvelle-Aquitaine,2023
user_01813,Data,45-49 ans,,Pays de la Loire,2022
user_01814,Data,25-29 ans,M,Nouvelle-Aquitaine,2022
user_01815,Data,25-29 ans,M,Nouvelle-Aquitaine,2022
user_01816,Data,35-39 ans,M,Pays de la Loire,2023
user_01817,Data,30-34 ans,M,Île-de-France,2022
user_01818,Data,35-39 ans,M,Île-de-France,2024
user_01819,Data,25-29 ans,F,Provence-Alpes-Côte d'Azur,2024
user_01820,Data,30-34 ans,M,Île-de-France,2022
user_01821,Data,25-29 ans,,Normandie,2022
user_01822,Data,25-29 ans,M,Nouvelle-Aquitaine,2025
user_01823,Data,40-44 ans,F,Pays de la Loire,2022
user_01824,Data,30-34 ans,M,Île-de-France,2023
user_01825,Data,45-49 ans,F,Île-de-France,2023
user_01826,Data,30-34 ans,M,Île-de-France,2025
user_00747,Data,35-39 ans,M,Île-de-France,2024
user_01827,Data,25-29 ans,F,Île-de-France,2025
user_01828,Data,30-34 ans,M,Nouvelle-Aquitaine,2023
user_01829,Data,50-54 ans,F,Île-de-France,2022
user_01830,Data,55-59 ans,M,Nouvelle-Aquitaine,2024
user_01831,Data,40-44 ans,M,Île-de-France,2022
user_01832,Data,25-29 ans,F,Île-de-France,2023
user_01833,Data,40-44 ans,F,Nouvelle-Aquitaine,2025
user_01834,Data,35-39 ans,,Bretagne,2022
user_01835,Data,30-34 ans,F,Île-de-France,2025
user_01836,Data,50-54 ans,M,Auvergne-Rhône-Alpes,2022
user_01837,Data,30-34 ans,,Île-de-France,2022
user_01766,Data,30-34 ans,F,Occitanie,2024
user_01838,Data,25-29 ans,M,Auvergne-Rhône-Alpes,2023
user_01839,Data,25-29 ans,,Occitanie,2023
user_01840,Data,30-34 ans,,Auvergne-Rhône-Alpes,2022
user_01841,Data,25-29 ans,,Île-de-France,2022
user_01842,Data,30-34 ans,M,Provence-Alpes-Côte d'Azur,2024
user_01843,Data,30-34 ans,M,Occitanie,2024
user_01844,Data,40-44 ans,,Île-de-France,2023
user_01845,Data,30-34 ans,F,Île-de-France,2023
user_00499,Data,30-34 ans,F,Île-de-France,2023
user_01323,Data,25-29 ans,M,Normandie,2023
user_01846,Data,30-34 ans,M,Auvergne-Rhône-Alpes,2022
user_01847,Data,30-34 ans,M,Île-de-France,2024
user_01848,Data,40-44 ans,,Île-de-France,2022
user_01849,Data,50-54 ans,F,Île-de-France,2025
user_01850,Data,30-34 ans,M,Île-de-France,2025
user_01851,Data,30-34 ans,F,Île-de-France,2024
user_01852,Data,40-44 ans,F,Centre-Val de Loire,2024
user_01853,Data,35-39 ans,M,Hauts-de-France,2025
user_01854,Data,30-34 ans,M,Occitanie,2023
user_01855,Data,50-54 ans,,Île-de-France,2023
user_01856,Data,25-29 ans,F,Centre-Val de Loire,2024
user_00374,Data,45-49 ans,M,Île-de-France,2023
user_01857,Data,25-29 ans,F,Occitanie,2025
user_01858,Data,30-34 ans,M,Île-de-France,2022
user_01859,Data,25-29 ans,M,Hauts-de-France,2025
user_01860,Data,50-54 ans,M,Île-de-France,2022
user_01861,Data,50-54 ans,M,Île-de-France,2022
user_01862,Data,25-29 ans,M,Île-de-France,2023
user_01863,Data,45-49 ans,,Pays de la Loire,2022
user_01864,Data,30-34 ans,M,Provence-Alpes-Côte d'Azur,2023
user_01865,Data,35-39 ans,M,Île-de-France,2022
user_01552,Data,30-34 ans,,Bretagne,2024
user_01866,Data,60 ans ou plus,M,Île-de-France,2023
user_01867,Data,35-39 ans,,Provence-Alpes-Côte d'Azur,2025
user_01868,Data,30-34 ans,,Île-de-France,2023
user_01869,Data,45-49 ans,M,Bretagne,2023
user_01870,Data,25-29 ans,F,Île-de-France,2023
user_01871,Data,35-39 ans,F,Auvergne-Rhône-Alpes,2022
user_01872,Data,30-34 ans,M,Nouvelle-Aquitaine,2025
user_01873,Data,45-49 ans,M,Île-de-France,2022
user_01874,Data,45-49 ans,M,Île-de-France,2022
user_01875,Data,50-54 ans,M,Île-de-France,2024
user_01876,Data,40-44 ans,M,Centre-Val de Loire,2025
user_01877,Data,40-44 ans,F,Bretagne,2025
user_01878,Data,40-44 ans,M,Bretagne,2024
user_01879,Data,25-29 ans,F,Auvergne-Rhône-Alpes,2024
user_01880,Data,40-44 ans,F,Occitanie,2024
user_01881,Data,35-39 ans,M,Île-de-France,2022
user_01882,Data,30-34 ans,F,Île-de-France,2022
user_01883,Data,35-39 ans,F,Auvergne-Rhône-Alpes,2024
user_01884,Data,30-34 ans,M,Pays de la Loire,2023
user_01885,Data,30-34 ans,,Île-de-France,2025
user_01886,Data,35-39 ans,,Auvergne-Rhône-Alpes,2022
user_01887,Data,40-44 ans,M,Auvergne-Rhône-Alpes,2022
user_01888,Data,40-44 ans,F,Normandie,2024
user_01889,Data,40-44 ans,F,Île-de-France,2025
user_01890,Data,30-34 ans,M,Île-de-France,2023
user_01891,Data,35-39 ans,F,Île-de-France,2023
user_01892,Data,25-29 ans,M,Île-de-France,2025
user_01893,Data,50-54 ans,,Île-de-France,2022
user_01894,Data,25-29 ans,,Occitanie,2023
user_01895,Data,25-29 ans,M,Normandie,2025
user_01896,Data,30-34 ans,F,Île-de-France,2025
user_01897,Data,35-39 ans,M,Île-de-France,2023
user_01898,Data,50-54 ans,,Île-de-France,2023
user_01108,Data,35-39 ans,F,Hauts-de-France,2023
user_01899,Data,40-44 ans,M,Île-de-France,2024
user_01377,Data,40-44 ans,M,Île-de-France,2025
user_01900,Data,40-44 ans,,Bretagne,2023
user_00425,Data,30-34 ans,F,Île-de-France,2022
user_00904,Data,25-29 ans,M,Île-de-France,2024
user_01901,Data,25-29 ans,M,Occitanie,2025
user_01902,Data,50-54 ans,F,Grand Est,2025
user_01903,Data,40-44 ans,M,Île-de-France,2023
user_01904,Data,35-39 ans,F,Bretagne,2023
user_01905,Data,30-34 ans,M,Auvergne-Rhône-Alpes,2025
user_01906,Data,30-34 ans,,Grand Est,2022
user_01907,Data,35-39 ans,F,Occitanie,2025
user_01908,Data,45-49 ans,,Île-de-France,2022
user_01909,Data,35-39 ans,M,Île-de-France,2022
user_01910,Data,25-29 ans,,Grand Est,2023
user_01911,Data,30-34 ans,M,Île-de-France,2023
user_00520,Data,30-34 ans,M,Île-de-France,2022
user_01912,Data,30-34 ans,M,Auvergne-Rhône-Alpes,2022
user_00294,Data,45-49 ans,M,Pays de la Loire,2024
user_01913,Data,25-29 ans,,Île-de-France,2023
user_01914,Data,35-39 ans,M,Auvergne-Rhône-Alpes,2025
user_01915,Data,30-34 ans,M,Île-de-France,2022
user_01916,Data,30-34 ans,F,Nouvelle-Aquitaine,2023
user_01917,Data,30-34 ans,M,Grand Est,2022
user_01918,Data,35-39 ans,,Auvergne-Rhône-Alpes,2022
user_01919,Data,25-29 ans,M,Nouvelle-Aquitaine,2022
user_01920,Data,30-34 ans,M,Occitanie,2023
user_01921,Data,45-49 ans,F,Bretagne,2025
user_01552,Data,30-34 ans,,Bretagne,2022
user_01922,Data,55-59 ans,,Île-de-France,2022
user_01923,Data,50-54 ans,F,Île-de-France,2025
user_01924,Data,35-39 ans,M,Occitanie,2024
user_01925,Data,45-49 ans,M,Île-de-France,2023
user_01089,Data,30-34 ans,M,Île-de-France,2023
user_00031,Data,50-54 ans,M,Nouvelle-Aquitaine,2022
user_01926,Data,40-44 ans,F,Provence-Alpes-Côte d'Azur,2023
user_01927,Data,35-39 ans,M,Grand Est,2024
user_01928,Data,25-29 ans,,Île-de-France,2023
user_01929,Data,25-29 ans,,Occitanie,2023
user_01930,Data,50-54 ans,M,DROM,2022
user_01931,Data,50-54 ans,F,Provence-Alpes-Côte d'Azur,2022
user_01932,Data,30-34 ans,F,Île-de-France,2024
user_01933,Data,25-29 ans,M,Île-de-France,2022
user_01934,Data,35-39 ans,M,Auvergne-Rhône-Alpes,2025
user_01935,Data,40-44 ans,M,Provence-Alpes-Côte d'Azur,2022
user_01936,Data,30-34 ans,,Grand Est,2022
user_01937,Data,35-39 ans,,Nouvelle-Aquitaine,2023
user_01938,Data,45-49 ans,M,Auvergne-Rhône-Alpes,2022
user_01939,Data,35-39 ans,M,Île-de-France,2022
user_01940,Data,30-34 ans,F,Provence-Alpes-Côte d'Azur,2025
user_01941,Data,35-39 ans,,Île-de-France,2022
user_01942,Data,35-39 ans,,Île-de-France,2023
user_01943,Data,30-34 ans,M,Île-de-France,2024
user_01944,Data,25-29 ans,M,Occitanie,2022
user_01945,Data,30-34 ans,F,Île-de-France,2024
user_00326,Data,30-34 ans,M,Provence-Alpes-Côte d'Azur,2023
user_01946,Data,50-54 ans,,Île-de-France,2024
user_01947,Data,35-39 ans,M,Île-de-France,2022
user_01948,Data,45-49 ans,M,Île-de-France,2024
user_01949,Data,30-34 ans,,Île-de-France,2022
user_01950,Data,55-59 ans,,Occitanie,2022
user_01951,Data,30-34 ans,M,Île-de-France,2025
user_01952,Data,30-34 ans,,Nouvelle-Aquitaine,2023
user_01953,Data,40-44 ans,,Nouvelle-Aquitaine,2022
user_01954,Data,35-39 ans,M,Normandie,2024
user_01955,Data,40-44 ans,,Bretagne,2023
user_01956,Data,50-54 ans,F,Provence-Alpes-Côte d'Azur,2025
user_01957,Data,20-24 ans,M,Auvergne-Rhône-Alpes,2024
user_01958,Data,25-29 ans,,Nouvelle-Aquitaine,2022
user_01959,Data,30-34 ans,M,Île-de-France,2025
user_01960,Data,25-29 ans,M,Île-de-France,2024
user_01961,Data,45-49 ans,,Île-de-France,2023
user_01962,Data,50-54 ans,M,Île-de-France,2024
user_01963,Data,35-39 ans,F,Provence-Alpes-Côte d'Azur,2025
user_01964,Data,30-34 ans,M,Île-de-France,2023
user_01965,Data,25-29 ans,,Auvergne-Rhône-Alpes,2022
user_01966,Data,30-34 ans,F,Provence-Alpes-Côte d'Azur,2025
user_01967,Data,50-54 ans,M,Pays de la Loire,2023
user_01968,Data,25-29 ans,,Auvergne-Rhône-Alpes,2023
user_01969,Data,25-29 ans,M,Occitanie,2025
user_01970,Data,55-59 ans,M,Île-de-France,2022
user_01580,Data,40-44 ans,F,Île-de-France,2025
user_01971,Data,30-34 ans,,Île-de-France,2023
user_01972,Data,25-29 ans,,Occitanie,2023
user_01973,Data,25-29 ans,M,Île-de-France,2025
user_01974,Data,45-49 ans,M,Centre-Val de Loire,2022
user_01975,Data,25-29 ans,F,Île-de-France,2024
user_01976,Data,20-24 ans,M,Occitanie,2024
user_01977,Data,25-29 ans,,Pays de la Loire,2023
user_01978,Data,30-34 ans,M,Hauts-de-France,2025
user_01979,Data,35-39 ans,,Île-de-France,2022
user_01980,Data,30-34 ans,M,Grand Est,2023
user_01981,Data,25-29 ans,M,Grand Est,2023
user_01982,Data,30-34 ans,,Occitanie,2023
user_01983,Data,50-54 ans,,Île-de-France,2022
user_01984,Data,25-29 ans,M,Grand Est,2025
user_01982,Data,30-34 ans,,Occitanie,2024
user_01985,Data,50-54 ans,,Auvergne-Rhône-Alpes,2022
user_01986,Data,35-39 ans,M,Île-de-France,2025
user_01987,Data,35-39 ans,F,Île-de-France,2025
user_01988,Data,25-29 ans,M,Île-de-France,2024
user_01989,Data,25-29 ans,F,Île-de-France,2023
user_01990,Data,25-29 ans,M,Île-de-France,2025
user_01991,Data,40-44 ans,F,Auvergne-Rhône-Alpes,2024
user_01992,Data,35-39 ans,M,Hauts-de-France,2025
user_01993,Data,35-39 ans,M,Île-de-France,2024
user_01994,Data,30-34 ans,M,Provence-Alpes-Côte d'Azur,2022
user_01995,Data,30-34 ans,M,Hauts-de-France,2023
user_01996,Data,40-44 ans,M,Île-de-France,2022
user_01997,Data,25-29 ans,,Île-de-France,2022
user_01998,Data,30-34 ans,,Occitanie,2022
user_01999,Data,25-29 ans,M,Île-de-France,2023
user_02000,Data,35-39 ans,,Île-de-France,2023
user_02001,Data,35-39 ans,,Bretagne,2023
user_02002,Data,40-44 ans,M,Normandie,2023
user_01256,Data,30-34 ans,M,Auvergne-Rhône-Alpes,2022
user_02003,Data,45-49 ans,M,Nouvelle-Aquitaine,2025
user_02004,Data,35-39 ans,M,Hauts-de-France,2025
user_00467,Data,45-49 ans,M,Île-de-France,2022
user_02005,Data,25-29 ans,,Île-de-France,2023
user_00473,Data,35-39 ans,,Île-de-France,2023
user_02006,Data,30-34 ans,M,Île-de-France,2025
user_02007,Data,30-34 ans,M,Provence-Alpes-Côte d'Azur,2023
user_02008,Data,35-39 ans,M,Nouvelle-Aquitaine,2022
user_02009,Data,40-44 ans,M,Auvergne-Rhône-Alpes,2022
user_01241,Data,40-44 ans,M,Île-de-France,2023
user_02010,Data,25-29 ans,M,DROM,2024
user_02011,Data,30-34 ans,M,Hauts-de-France,2024
user_02012,Data,40-44 ans,M,Île-de-France,2023
user_02013,Data,45-49 ans,M,Provence-Alpes-Côte d'Azur,2025
user_02014,Data,20-24 ans,M,Île-de-France,2025
user_02015,Data,30-34 ans,F,Occitanie,2024
user_02016,Data,25-29 ans,M,Grand Est,2023
user_02017,Data,30-34 ans,F,Île-de-France,2025
user_02018,Data,35-39 ans,,Auvergne-Rhône-Alpes,2022
user_02019,Data,35-39 ans,M,Provence-Alpes-Côte d'Azur,2025
user_02020,Data,35-39 ans,M,Île-de-France,2023
user_02021,Data,30-34 ans,M,DROM,2025
user_02022,Data,30-34 ans,M,Île-de-France,2023
user_02023,Data,30-34 ans,,Île-de-France,2023
user_02024,Data,25-29 ans,,Pays de la Loire,2022
user_02025,Data,45-49 ans,F,Île-de-France,2022
user_02026,Data,25-29 ans,,Bretagne,2023
user_02027,Data,25-29 ans,M,Île-de-France,2024
user_02028,Data,25-29 ans,M,Bourgogne-Franche-Comté,2022
user_02029,Data,25-29 ans,M,Nouvelle-Aquitaine,2024
user_02030,Data,30-34 ans,F,Nouvelle-Aquitaine,2025
user_02031,Data,25-29 ans,M,Bourgogne-Franche-Comté,2025
user_02032,Data,25-29 ans,,DROM,2025
user_00494,Data,40-44 ans,M,Île-de-France,2023
user_02033,Data,45-49 ans,,Grand Est,2024
user_02034,Data,35-39 ans,M,Centre-Val de Loire,2025
user_02035,Data,25-29 ans,M,Île-de-France,2024
user_01340,Data,50-54 ans,M,Nouvelle-Aquitaine,2025
user_02036,Data,20-24 ans,M,Auvergne-Rhône-Alpes,2023
user_00640,Data,30-34 ans,M,Provence-Alpes-Côte d'Azur,2023
user_02037,Data,25-29 ans,M,Hauts-de-France,2025
user_02038,Data,40-44 ans,F,Île-de-France,2023
user_02039,Data,40-44 ans,F,Île-de-France,2022
user_02040,Data,30-34 ans,M,Île-de-France,2023
user_02041,Data,40-44 ans,,Provence-Alpes-Côte d'Azur,2023
user_02042,Data,25-29 ans,M,Île-de-France,2024
user_00086,Data,55-59 ans,M,Île-de-France,2024
user_01347,Data,35-39 ans,M,Nouvelle-Aquitaine,2022
user_02043,Data,30-34 ans,F,Hauts-de-France,2023
user_02044,Data,30-34 ans,M,Île-de-France,2022
user_02045,Data,35-39 ans,M,Île-de-France,2022
user_02046,Data,45-49 ans,M,Île-de-France,2023
user_02047,Data,35-39 ans,M,Île-de-France,2022
user_02048,Data,35-39 ans,,Grand Est,2022
user_02049,Data,25-29 ans,M,Auvergne-Rhône-Alpes,2024
user_02050,Data,20-24 ans,M,Île-de-France,2025
user_02051,Data,45-49 ans,,Normandie,2024
user_02052,Data,50-54 ans,,Grand Est,2022
user_02053,Data,30-34 ans,F,Pays de la Loire,2025
user_02054,Data,30-34 ans,M,Provence-Alpes-Côte d'Azur,2025
user_02055,Data,35-39 ans,F,Auvergne-Rhône-Alpes,2023
user_02056,Data,20-24 ans,M,Occitanie,2025
user_02057,Data,25-29 ans,,Île-de-France,2023
user_02058,Data,30-34 ans,,Pays de la Loire,2024
user_02059,Data,30-34 ans,,Île-de-France,2022
user_02060,Data,35-39 ans,M,Île-de-France,2023
user_02061,Data,30-34 ans,F,Pays de la Loire,2022
user_02062,Data,30-34 ans,,Occitanie,2022
user_02063,Data,45-49 ans,,Occitanie,2022
user_02064,Data,30-34 ans,,Nouvelle-Aquitaine,2022
user_02065,Data,30-34 ans,M,Normandie,2022
user_02066,Data,45-49 ans,,Normandie,2023
user_02067,Data,25-29 ans,F,Île-de-France,2024
user_02068,Data,55-59 ans,F,Grand Est,2022
user_02069,Data,55-59 ans,M,Île-de-France,2025
user_01024,Data,35-39 ans,F,Auvergne-Rhône-Alpes,2022
user_02070,Data,35-39 ans,M,Provence-Alpes-Côte d'Azur,2025
user_02071,Data,25-29 ans,M,Auvergne-Rhône-Alpes,2024
user_02072,Data,60 ans ou plus,M,Centre-Val de Loire,2023
user_02073,Data,35-39 ans,,Hauts-de-France,2023
user_02074,Data,55-59 ans,M,Occitanie,2025
user_02075,Data,25-29 ans,M,Normandie,2023
user_02076,Data,40-44 ans,,Occitanie,2022
user_02077,Data,30-34 ans,M,Pays de la Loire,2025
user_02078,Data,30-34 ans,M,Pays de la Loire,2024
user_02079,Data,20-24 ans,M,Auvergne-Rhône-Alpes,2025
user_02080,Data,25-29 ans,F,Bretagne,2022
user_02081,Data,50-54 ans,M,Île-de-France,2022
user_02081,Data,50-54 ans,M,Île-de-France,2023
user_02082,Data,35-39 ans,M,Île-de-France,2023
user_02083,Data,30-34 ans,F,Bretagne,2023
user_02084,Data,25-29 ans,M,Île-de-France,2022
user_02085,Data,35-39 ans,M,Île-de-France,2023
user_02086,Data,25-29 ans,M,Provence-Alpes-Côte d'Azur,2023
user_02087,Data,50-54 ans,,Hauts-de-France,2024
user_00979,Data,30-34 ans,F,Île-de-France,2025
user_02088,Data,30-34 ans,M,DROM,2024
user_02089,Data,45-49 ans,M,Provence-Alpes-Côte d'Azur,2024
user_02090,Data,30-34 ans,,Île-de-France,2022
user_02091,Data,25-29 ans,,Île-de-France,2022
user_01060,Data,40-44 ans,M,Auvergne-Rhône-Alpes,2024
user_02092,Data,25-29 ans,F,Île-de-France,2023
user_02093,Data,30-34 ans,,Île-de-France,2023
user_02094,Data,20-24 ans,F,Île-de-France,2022
user_00517,Data,35-39 ans,M,Provence-Alpes-Côte d'Azur,2024
user_02095,Data,25-29 ans,F,Bourgogne-Franche-Comté,2025
user_02096,Data,30-34 ans,M,Provence-Alpes-Côte d'Azur,2022
user_02097,Data,30-34 ans,M,Île-de-France,2023
user_02098,Data,35-39 ans,M,Île-de-France,2022
user_02099,Data,30-34 ans,M,Normandie,2022
user_01854,Data,30-34 ans,M,Occitanie,2022
user_02100,Data,25-29 ans,M,Île-de-France,2025
user_00227,Data,25-29 ans,M,Bretagne,2022
user_02101,Data,40-44 ans,F,Provence-Alpes-Côte d'Azur,2024
user_02102,Data,30-34 ans,M,Grand Est,2024
user_02103,Data,20-24 ans,F,Île-de-France,2024
user_02104,Data,25-29 ans,,Hauts-de-France,2022
user_02105,Data,25-29 ans,M,Hauts-de-France,2024
user_02106,Data,30-34 ans,M,Auvergne-Rhône-Alpes,2022
user_00019,Data,40-44 ans,F,DROM,2024
user_02107,Data,45-49 ans,,Île-de-France,2022
user_02108,Data,30-34 ans,,Île-de-France,2022
user_02109,Data,30-34 ans,M,Île-de-France,2023
user_02110,Data,60 ans ou plus,M,DROM,2025
user_02111,Data,30-34 ans,,Île-de-France,2022
user_02112,Data,35-39 ans,,Île-de-France,2022
user_02113,Data,40-44 ans,F,Provence-Alpes-Côte d'Azur,2023
user_02114,Data,30-34 ans,F,Île-de-France,2023
user_00591,Data,35-39 ans,,Île-de-France,2023
user_00355,Data,20-24 ans,,Nouvelle-Aquitaine,2023
user_02115,Data,45-49 ans,F,Île-de-France,2022
user_02116,Data,35-39 ans,F,Centre-Val de Loire,2025
user_02117,Data,30-34 ans,,Occitanie,2022
user_02118,Data,30-34 ans,,Île-de-France,2024
user_02119,Data,25-29 ans,M,Île-de-France,2022
user_02120,Data,40-44 ans,M,Auvergne-Rhône-Alpes,2023
user_02121,Data,50-54 ans,,Île-de-France,2025
user_02122,Data,35-39 ans,,Île-de-France,2023
user_02123,Data,45-49 ans,F,Hauts-de-France,2023
user_00944,Data,40-44 ans,M,Île-de-France,2022
user_02124,Data,25-29 ans,M,Île-de-France,2023
user_01218,Data,25-29 ans,M,Bourgogne-Franche-Comté,2024
user_01022,Data,25-29 ans,,Grand Est,2022
user_02125,Data,25-29 ans,M,Île-de-France,2024
user_02126,Data,40-44 ans,F,Île-de-France,2022
user_02127,Data,25-29 ans,M,Île-de-France,2025
user_02128,Data,45-49 ans,,Hauts-de-France,2022
user_02129,Data,35-39 ans,M,Grand Est,2025
user_02130,Data,35-39 ans,F,Auvergne-Rhône-Alpes,2024
user_02131,Data,35-39 ans,F,Auvergne-Rhône-Alpes,2025
user_01898,Data,50-54 ans,,Île-de-France,2025
user_01774,Data,30-34 ans,F,Île-de-France,2023
user_02132,Data,35-39 ans,F,Île-de-France,2025
user_02133,Data,30-34 ans,,Auvergne-Rhône-Alpes,2022
user_02134,Data,45-49 ans,,Grand Est,2022
user_02135,Data,30-34 ans,M,Île-de-France,2025
user_02136,Data,25-29 ans,M,Hauts-de-France,2023
user_02137,Data,45-49 ans,M,Île-de-France,2022
user_02138,Data,30-34 ans,M,Nouvelle-Aquitaine,2023
user_02139,Data,20-24 ans,M,Hauts-de-France,2025
user_02140,Data,30-34 ans,M,Île-de-France,2024
user_02141,Data,30-34 ans,M,Île-de-France,2022
user_01383,Data,30-34 ans,F,Provence-Alpes-Côte d'Azur,2022
user_02142,Data,40-44 ans,M,Grand Est,2024
user_02143,Data,50-54 ans,,Hauts-de-France,2022
user_02144,Data,35-39 ans,,Occitanie,2022
user_01249,Data,40-44 ans,M,Occitanie,2023
user_02145,Data,25-29 ans,M,Île-de-France,2023
user_02146,Data,25-29 ans,,Île-de-France,2022
user_02147,Data,30-34 ans,M,Hauts-de-France,2023
user_02148,Data,40-44 ans,M,Île-de-France,2022
user_01787,Data,50-54 ans,,Bretagne,2023
user_02149,Data,55-59 ans,M,Nouvelle-Aquitaine,2025
user_02150,Data,30-34 ans,M,Pays de la Loire,2022
user_02151,Data,45-49 ans,F,Île-de-France,2025
user_02152,Data,25-29 ans,M,Grand Est,2024
user_02153,Data,30-34 ans,F,Île-de-France,2023
user_02154,Data,20-24 ans,F,Nouvelle-Aquitaine,2024
user_02155,Data,25-29 ans,M,Hauts-de-France,2025
user_02156,Data,25-29 ans,M,Centre-Val de Loire,2023
user_02157,Data,35-39 ans,F,Nouvelle-Aquitaine,2024
user_00014,Data,40-44 ans,,Provence-Alpes-Côte d'Azur,2022
user_02158,Data,50-54 ans,,Île-de-France,2022
user_02159,Data,20-24 ans,M,Auvergne-Rhône-Alpes,2024
user_02160,Data,30-34 ans,,Occitanie,2022
user_00586,Data,45-49 ans,M,Nouvelle-Aquitaine,2022
user_02161,Data,40-44 ans,F,Île-de-France,2023
user_02162,Data,35-39 ans,M,Grand Est,2022
user_00728,Data,35-39 ans,M,Île-de-France,2024
user_01205,Data,40-44 ans,F,Occitanie,2022
user_02163,Data,25-29 ans,M,Île-de-France,2024
user_02164,Data,40-44 ans,,Île-de-France,2022
user_02165,Data,30-34 ans,M,Bretagne,2024
user_02166,Data,30-34 ans,,Pays de la Loire,2023
user_02167,Data,30-34 ans,F,Occitanie,2024
user_02168,Data,30-34 ans,F,Île-de-France,2025
user_02169,Data,35-39 ans,F,Île-de-France,2022
user_02170,Data,30-34 ans,,Île-de-France,2022
user_02171,Data,60 ans ou plus,,Île-de-France,2022
user_02172,Data,35-39 ans,M,Occitanie,2025
user_02173,Data,30-34 ans,,Île-de-France,2023
user_00214,Data,30-34 ans,,Auvergne-Rhône-Alpes,2023
user_02174,Data,45-49 ans,,Nouvelle-Aquitaine,2022
user_02175,Data,35-39 ans,M,Provence-Alpes-Côte d'Azur,2025
user_00813,Data,30-34 ans,M,Nouvelle-Aquitaine,2023
user_01496,Data,30-34 ans,M,Île-de-France,2024
user_00395,Data,30-34 ans,M,Pays de la Loire,2023
user_02176,Data,40-44 ans,M,Hauts-de-France,2025
user_02177,Data,50-54 ans,M,Occitanie,2025
user_02178,Data,30-34 ans,M,Île-de-France,2023
user_02179,Data,30-34 ans,M,Occitanie,2025
user_00881,Data,25-29 ans,M,Centre-Val de Loire,2023
user_02180,Data,50-54 ans,,Île-de-France,2022
user_02181,Data,45-49 ans,,Île-de-France,2023
user_02182,Data,30-34 ans,M,Nouvelle-Aquitaine,2023
user_02183,Data,30-34 ans,M,Île-de-France,2022
user_00891,Data,30-34 ans,F,Grand Est,2023
user_02184,Data,25-29 ans,,Île-de-France,2023
user_02185,Data,30-34 ans,,Bourgogne-Franche-Comté,2022
user_02186,Data,40-44 ans,F,Île-de-France,2022
user_02187,Data,35-39 ans,,Normandie,2022
user_01771,Data,35-39 ans,,Île-de-France,2023
user_02188,Data,30-34 ans,F,Île-de-France,2025
user_02189,Data,50-54 ans,,Pays de la Loire,2022
user_02190,Data,40-44 ans,,Auvergne-Rhône-Alpes,2022
user_01520,Data,50-54 ans,F,Île-de-France,2022
user_02191,Data,35-39 ans,F,Île-de-France,2022
user_02192,Data,45-49 ans,,Île-de-France,2023
user_02193,Data,40-44 ans,M,Normandie,2023
user_02194,Data,40-44 ans,M,Auvergne-Rhône-Alpes,2024
user_02195,Data,40-44 ans,F,Île-de-France,2022
user_02196,Data,40-44 ans,F,Île-de-France,2022
user_02197,Data,40-44 ans,,Normandie,2022
user_02198,Data,40-44 ans,,Île-de-France,2023
user_02199,Data,35-39 ans,M,Occitanie,2024
user_00771,Data,35-39 ans,,Île-de-France,2022
user_02200,Data,40-44 ans,M,Normandie,2025
user_02201,Data,25-29 ans,,Île-de-France,2022
user_02202,Data,40-44 ans,M,Île-de-France,2022
user_02203,Data,25-29 ans,M,Normandie,2023
user_02204,Data,25-29 ans,F,Auvergne-Rhône-Alpes,2024
user_02205,Data,45-49 ans,F,Occitanie,2025
user_02206,Data,25-29 ans,M,Hauts-de-France,2023
user_02207,Data,30-34 ans,M,Île-de-France,2023
user_02208,Data,20-24 ans,M,Normandie,2024
user_02209,Data,45-49 ans,F,Île-de-France,2025
user_02151,Data,45-49 ans,F,Île-de-France,2024
user_02210,Data,30-34 ans,,Île-de-France,2022
user_00925,Data,40-44 ans,F,Auvergne-Rhône-Alpes,2023
user_00146,Data,55-59 ans,M,Grand Est,2022
user_00649,Data,45-49 ans,M,Auvergne-Rhône-Alpes,2024
user_02211,Data,30-34 ans,M,Île-de-France,2025
user_02212,Data,45-49 ans,M,Nouvelle-Aquitaine,2023
user_01266,Data,55-59 ans,,Île-de-France,2022
user_01274,Data,50-54 ans,,Auvergne-Rhône-Alpes,2022
user_02213,Data,35-39 ans,,Occitanie,2024
user_02214,Data,35-39 ans,,Île-de-France,2022
user_02215,Data,45-49 ans,M,Île-de-France,2024
user_02216,Data,30-34 ans,M,Hauts-de-France,2023
user_02217,Data,30-34 ans,,Auvergne-Rhône-Alpes,2022
user_02218,Data,30-34 ans,,Grand Est,2022
user_02219,Data,20-24 ans,M,Auvergne-Rhône-Alpes,2024
user_00024,Data,30-34 ans,,Pays de la Loire,2022
user_02220,Data,25-29 ans,,Île-de-France,2023
user_01485,Data,30-34 ans,M,Île-de-France,2023
user_02221,Data,30-34 ans,M,Auvergne-Rhône-Alpes,2023
user_02222,Data,35-39 ans,,Île-de-France,2023
user_02223,Data,45-49 ans,,Île-de-France,2022
user_02224,Data,30-34 ans,M,Grand Est,2025
user_02225,Data,20-24 ans,M,Hauts-de-France,2022
user_02226,Data,30-34 ans,,Île-de-France,2022
user_01392,Data,25-29 ans,M,Occitanie,2022
user_02227,Data,60 ans ou plus,,Île-de-France,2022
user_02228,Data,35-39 ans,M,Île-de-France,2023
user_02229,Data,30-34 ans,M,Auvergne-Rhône-Alpes,2024
user_02230,Data,25-29 ans,,Île-de-France,2023
user_02231,Data,35-39 ans,,Centre-Val de Loire,2022
user_00506,Data,55-59 ans,M,Île-de-France,2022
user_00668,Data,40-44 ans,F,Île-de-France,2024
user_02232,Data,25-29 ans,,Île-de-France,2022
user_00682,Data,45-49 ans,F,DROM,2024
user_02233,Data,30-34 ans,,Occitanie,2023
user_02234,Data,40-44 ans,,Nouvelle-Aquitaine,2023
user_02235,Data,25-29 ans,M,Provence-Alpes-Côte d'Azur,2024
user_02236,Data,30-34 ans,,Île-de-France,2022
user_02237,Data,25-29 ans,M,Occitanie,2022
user_00672,Data,55-59 ans,F,Île-de-France,2022
user_02238,Data,20-24 ans,M,Île-de-France,2025
user_00605,Data,25-29 ans,F,Auvergne-Rhône-Alpes,2024
user_02239,Data,30-34 ans,,Nouvelle-Aquitaine,2022
user_02240,Data,25-29 ans,,Nouvelle-Aquitaine,2022
user_02241,Data,30-34 ans,,Île-de-France,2022
user_02242,Data,25-29 ans,F,Pays de la Loire,2022
user_02243,Data,40-44 ans,M,Grand Est,2022
user_02244,Data,30-34 ans,M,Île-de-France,2025
user_02245,Data,30-34 ans,F,Centre-Val de Loire,2022
user_00262,Data,25-29 ans,M,Auvergne-Rhône-Alpes,2023
user_02246,Data,40-44 ans,M,Pays de la Loire,2025
user_02247,Data,50-54 ans,M,Île-de-France,2025
user_02248,Data,45-49 ans,F,Centre-Val de Loire,2025
user_02249,Data,30-34 ans,M,Île-de-France,2024
user_02250,Data,35-39 ans,F,Île-de-France,2024
user_02251,Data,30-34 ans,M,Centre-Val de Loire,2024
user_02252,Data,20-24 ans,M,Île-de-France,2024
user_02085,Data,35-39 ans,M,Île-de-France,2024
user_02253,Data,25-29 ans,,Île-de-France,2023
user_02254,Data,45-49 ans,M,Nouvelle-Aquitaine,2025
user_02255,Data,40-44 ans,F,Pays de la Loire,2022
user_02256,Data,50-54 ans,M,Grand Est,2024
user_02257,Data,30-34 ans,,Bretagne,2023
user_01443,Data,25-29 ans,M,Pays de la Loire,2024
user_02258,Data,25-29 ans,M,Île-de-France,2022
user_02259,Data,30-34 ans,M,Île-de-France,2025
user_02260,Data,40-44 ans,M,Auvergne-Rhône-Alpes,2025
user_02261,Data,30-34 ans,F,Nouvelle-Aquitaine,2025
user_02262,Data,30-34 ans,F,Île-de-France,2024
user_02263,Data,30-34 ans,,Bretagne,2022
user_02264,Data,25-29 ans,M,Île-de-France,2022
user_00651,Data,40-44 ans,M,Île-de-France,2024
user_00372,Data,20-24 ans,M,Hauts-de-France,2025
user_02265,Data,45-49 ans,M,DROM,2022
user_02266,Data,30-34 ans,,Auvergne-Rhône-Alpes,2022
user_02267,Data,30-34 ans,M,Auvergne-Rhône-Alpes,2023
user_02268,Data,30-34 ans,M,Île-de-France,2022
user_02269,Data,35-39 ans,F,Pays de la Loire,2025
user_02270,Data,30-34 ans,M,Pays de la Loire,2022
user_02271,Data,40-44 ans,,Nouvelle-Aquitaine,2022
user_02272,Data,25-29 ans,,Île-de-France,2022
user_02273,Data,40-44 ans,F,Île-de-France,2025
user_02274,Data,35-39 ans,F,Île-de-France,2025
user_02275,Data,35-39 ans,,Île-de-France,2022
user_02276,Data,35-39 ans,M,Nouvelle-Aquitaine,2025
user_02277,Data,35-39 ans,M,Auvergne-Rhône-Alpes,2023
user_02278,Data,30-34 ans,M,Auvergne-Rhône-Alpes,2022
user_02279,Data,25-29 ans,M,Île-de-France,2025
user_01409,Data,30-34 ans,,Hauts-de-France,2025
user_01815,Data,25-29 ans,M,Nouvelle-Aquitaine,2024
user_02280,Data,25-29 ans,,Île-de-France,2023
user_02281,Data,55-59 ans,,Provence-Alpes-Côte d'Azur,2022
user_02282,Data,50-54 ans,M,Occitanie,2024
user_02283,Data,55-59 ans,M,Île-de-France,2024
user_02284,Data,30-34 ans,M,Occitanie,2022
user_02285,Data,50-54 ans,F,Hauts-de-France,2022
user_02286,Data,35-39 ans,F,Grand Est,2025
user_02287,Data,25-29 ans,M,Île-de-France,2025
user_01817,Data,30-34 ans,M,Île-de-France,2024
user_02288,Data,35-39 ans,F,Île-de-France,2025
user_02121,Data,50-54 ans,,Île-de-France,2023
user_02289,Data,30-34 ans,,Île-de-France,2022
user_00508,Data,20-24 ans,F,Auvergne-Rhône-Alpes,2024
user_02290,Data,35-39 ans,M,Île-de-France,2024
user_02291,Data,40-44 ans,M,Occitanie,2023
user_02292,Data,25-29 ans,M,Auvergne-Rhône-Alpes,2025
user_02293,Data,45-49 ans,F,Île-de-France,2022
user_02294,Data,30-34 ans,M,Centre-Val de Loire,2023
user_02295,Data,50-54 ans,,Normandie,2023
user_02296,Data,30-34 ans,,Île-de-France,2022
user_02297,Data,25-29 ans,F,Île-de-France,2023
user_02071,Data,25-29 ans,M,Auvergne-Rhône-Alpes,2025
user_02298,Data,35-39 ans,,Île-de-France,2022
user_02299,Data,35-39 ans,M,Centre-Val de Loire,2025
user_02300,Data,40-44 ans,,Bretagne,2022
user_02301,Data,25-29 ans,F,Hauts-de-France,2024
user_02302,Data,30-34 ans,,Île-de-France,2022
user_02303,Data,40-44 ans,M,Île-de-France,2024
user_02304,Data,25-29 ans,,Pays de la Loire,2022
user_02305,Data,20-24 ans,F,Île-de-France,2022
user_01433,Data,35-39 ans,M,Hauts-de-France,2025
user_02306,Data,40-44 ans,F,Île-de-France,2022
user_02307,Data,30-34 ans,M,Pays de la Loire,2024
user_02308,Data,35-39 ans,M,Pays de la Loire,2025
user_02309,Data,45-49 ans,F,Auvergne-Rhône-Alpes,2022
user_02310,Data,25-29 ans,M,Île-de-France,2023
user_02311,Data,40-44 ans,M,Île-de-France,2022
user_02312,Data,30-34 ans,F,Île-de-France,2025
user_02313,Data,40-44 ans,M,Normandie,2024
user_02314,Data,30-34 ans,M,Hauts-de-France,2022
user_02315,Data,35-39 ans,,Île-de-France,2023
user_02316,Data,30-34 ans,,Bretagne,2022
user_02317,Data,35-39 ans,M,Île-de-France,2022
user_02318,Data,25-29 ans,M,Île-de-France,2024
user_00499,Data,30-34 ans,F,Île-de-France,2024
user_02319,Data,35-39 ans,M,Île-de-France,2022
user_02320,Data,35-39 ans,F,Île-de-France,2022
user_02321,Data,30-34 ans,,Auvergne-Rhône-Alpes,2022
user_02322,Data,40-44 ans,M,Île-de-France,2022
user_02323,Data,30-34 ans,F,Île-de-France,2023
user_02324,Data,30-34 ans,,Occitanie,2022
user_02325,Data,30-34 ans,F,Île-de-France,2022
user_02326,Data,30-34 ans,,Île-de-France,2023
user_02147,Data,30-34 ans,M,Hauts-de-France,2025
user_02327,Data,35-39 ans,,Île-de-France,2022
user_02328,Data,30-34 ans,F,Île-de-France,2023
user_00290,Data,45-49 ans,,Pays de la Loire,2023
user_02329,Data,35-39 ans,,Auvergne-Rhône-Alpes,2022
user_02330,Data,30-34 ans,F,Provence-Alpes-Côte d'Azur,2023
user_02331,Data,45-49 ans,F,Bretagne,2022
user_00578,Data,55-59 ans,M,Île-de-France,2023
user_02332,Data,20-24 ans,M,Île-de-France,2024
user_00929,Data,25-29 ans,M,Île-de-France,2023
user_02333,Data,30-34 ans,M,Bretagne,2024
user_02334,Data,40-44 ans,,Hauts-de-France,2022
user_02335,Data,35-39 ans,M,Île-de-France,2023
user_00154,Data,40-44 ans,M,Île-de-France,2025
user_01660,Data,25-29 ans,F,Île-de-France,2023
user_02336,Data,35-39 ans,,Nouvelle-Aquitaine,2023
user_02337,Data,45-49 ans,M,Île-de-France,2024
user_01405,Data,25-29 ans,M,Île-de-France,2025
user_02338,Data,25-29 ans,F,Île-de-France,2022
user_02339,Data,40-44 ans,F,Île-de-France,2022
user_02340,Data,30-34 ans,F,Hauts-de-France,2022
user_02341,Data,30-34 ans,,Île-de-France,2023
user_02342,Data,30-34 ans,F,Normandie,2023
user_02343,Data,50-54 ans,M,Centre-Val de Loire,2024
user_02344,Data,25-29 ans,,Auvergne-Rhône-Alpes,2022
user_02345,Data,20-24 ans,F,Île-de-France,2025
user_02346,Data,25-29 ans,M,Bourgogne-Franche-Comté,2022
user_02347,Data,30-34 ans,F,Île-de-France,2022
user_02348,Data,40-44 ans,,Île-de-France,2023
user_02349,Data,45-49 ans,,Bretagne,2022
user_02350,Data,35-39 ans,M,Grand Est,2024
user_02351,Data,25-29 ans,M,Bourgogne-Franche-Comté,2023
user_02352,Data,25-29 ans,M,Occitanie,2022
user_02353,Data,25-29 ans,,Île-de-France,2022
user_02354,Data,35-39 ans,M,Pays de la Loire,2022
user_02355,Data,35-39 ans,,Nouvelle-Aquitaine,2022
user_02356,Data,30-34 ans,M,Île-de-France,2024
user_02357,Data,45-49 ans,M,Auvergne-Rhône-Alpes,2022
user_02358,Data,35-39 ans,M,Nouvelle-Aquitaine,2022
user_02359,Data,40-44 ans,F,Nouvelle-Aquitaine,2024
user_02360,Data,30-34 ans,,Île-de-France,2022
user_02361,Data,30-34 ans,,Île-de-France,2025
user_02362,Data,35-39 ans,,Île-de-France,2023
user_02363,Data,50-54 ans,M,Île-de-France,2022
user_02364,Data,35-39 ans,M,Île-de-France,2022
user_02365,Data,25-29 ans,M,Île-de-France,2025
user_02366,Data,50-54 ans,,Île-de-France,2022
user_02367,Data,25-29 ans,M,Auvergne-Rhône-Alpes,2024
user_00604,Data,25-29 ans,M,Nouvelle-Aquitaine,2024
user_02368,Data,20-24 ans,F,Île-de-France,2025
user_02369,Data,30-34 ans,M,Hauts-de-France,2022
user_02370,Data,20-24 ans,M,Occitanie,2025
user_02371,Data,50-54 ans,M,Île-de-France,2022
user_02372,Data,20-24 ans,F,Provence-Alpes-Côte d'Azur,2025
user_02373,Data,60 ans ou plus,F,Île-de-France,2022
user_02374,Data,50-54 ans,,Île-de-France,2023
user_01300,Data,35-39 ans,M,Hauts-de-France,2024
user_02375,Data,25-29 ans,F,Auvergne-Rhône-Alpes,2022
user_02376,Data,25-29 ans,M,Île-de-France,2024
user_00961,Data,35-39 ans,F,Île-de-France,2024
user_02377,Data,35-39 ans,M,Centre-Val de Loire,2025
user_02241,Data,30-34 ans,,Île-de-France,2023
user_02127,Data,25-29 ans,M,Île-de-France,2023
user_02378,Data,35-39 ans,F,Île-de-France,2025
user_02379,Data,30-34 ans,M,Nouvelle-Aquitaine,2022
user_02380,Data,35-39 ans,,Grand Est,2022
user_02381,Data,35-39 ans,M,Île-de-France,2025
user_02382,Data,45-49 ans,M,Auvergne-Rhône-Alpes,2024
user_02187,Data,35-39 ans,,Normandie,2023
user_02383,Data,30-34 ans,,Auvergne-Rhône-Alpes,2022
user_02384,Data,25-29 ans,M,Grand Est,2024
user_00557,Data,45-49 ans,F,Île-de-France,2025
user_02385,Data,55-59 ans,M,Bretagne,2025
user_02386,Data,30-34 ans,F,Occitanie,2025
user_02387,Data,30-34 ans,F,Grand Est,2022
user_02388,Data,60 ans ou plus,M,Île-de-France,2023
user_02389,Data,30-34 ans,M,Île-de-France,2024
user_02390,Data,35-39 ans,,Grand Est,2025
user_00267,Data,45-49 ans,,Île-de-France,2025
user_02391,Data,35-39 ans,F,Île-de-France,2023
user_00200,Data,35-39 ans,F,Île-de-France,2023
user_02392,Data,25-29 ans,M,Auvergne-Rhône-Alpes,2024
user_01790,Data,50-54 ans,,Île-de-France,2023
user_02393,Data,35-39 ans,,Centre-Val de Loire,2022
user_02394,Data,30-34 ans,F,Hauts-de-France,2025
user_02395,Data,40-44 ans,,Île-de-France,2022
user_02396,Data,30-34 ans,F,Auvergne-Rhône-Alpes,2022
user_02397,Data,40-44 ans,,Île-de-France,2022
user_02207,Data,30-34 ans,M,Île-de-France,2022
user_02398,Data,35-39 ans,M,Île-de-France,2025
user_02399,Data,30-34 ans,M,Hauts-de-France,2022
user_02400,Data,30-34 ans,M,Auvergne-Rhône-Alpes,2022
user_02401,Data,20-24 ans,M,Île-de-France,2025
user_02402,Data,40-44 ans,,Île-de-France,2022
user_02403,Data,40-44 ans,M,Île-de-France,2023
user_02404,Data,35-39 ans,,Provence-Alpes-Côte d'Azur,2023
user_02405,Data,25-29 ans,M,Normandie,2024
user_02406,Data,25-29 ans,M,Grand Est,2022
user_02407,Data,30-34 ans,M,Occitanie,2024
user_01343,Data,30-34 ans,F,Île-de-France,2024
user_02408,Data,30-34 ans,M,Pays de la Loire,2025
user_02409,Data,25-29 ans,M,Île-de-France,2023
user_02410,Data,25-29 ans,M,Auvergne-Rhône-Alpes,2024
user_02411,Data,45-49 ans,M,Occitanie,2025
user_02412,Data,25-29 ans,M,Normandie,2023
user_02413,Data,60 ans ou plus,M,Auvergne-Rhône-Alpes,2024
user_02414,Data,30-34 ans,,Grand Est,2022
user_02415,Data,40-44 ans,F,Île-de-France,2025
user_02416,Data,55-59 ans,M,Auvergne-Rhône-Alpes,2022
user_02417,Data,20-24 ans,M,Hauts-de-France,2024
user_02418,Data,35-39 ans,M,Île-de-France,2024
user_02419,Data,30-34 ans,F,Île-de-France,2023
user_02420,Data,40-44 ans,F,Île-de-France,2022
user_02421,Data,25-29 ans,M,Île-de-France,2022
user_02422,Data,25-29 ans,,Île-de-France,2023
user_02423,Data,25-29 ans,,Île-de-France,2025
user_02424,Data,40-44 ans,F,Île-de-France,2022
user_01451,Data,20-24 ans,M,Grand Est,2024
user_02425,Data,40-44 ans,M,Nouvelle-Aquitaine,2022
user_02358,Data,35-39 ans,M,Nouvelle-Aquitaine,2024
user_02426,Data,30-34 ans,F,Occitanie,2025
user_02427,Data,30-34 ans,M,Nouvelle-Aquitaine,2022
user_02428,Data,35-39 ans,,Île-de-France,2023
user_02429,Data,25-29 ans,M,Nouvelle-Aquitaine,2022
user_02430,Data,40-44 ans,,Hauts-de-France,2022
user_02431,Data,30-34 ans,F,Île-de-France,2023
user_00539,Data,25-29 ans,M,Nouvelle-Aquitaine,2022
user_02432,Data,35-39 ans,M,Provence-Alpes-Côte d'Azur,2022
user_01213,Data,30-34 ans,M,Provence-Alpes-Côte d'Azur,2024
user_01687,Data,40-44 ans,M,Auvergne-Rhône-Alpes,2023
user_02433,Data,40-44 ans,F,Pays de la Loire,2024
user_02434,Data,35-39 ans,M,Île-de-France,2022
user_02435,Data,30-34 ans,,Île-de-France,2024
user_02436,Data,30-34 ans,M,Nouvelle-Aquitaine,2025
user_02437,Data,25-29 ans,,Île-de-France,2023
user_02438,Data,50-54 ans,M,Hauts-de-France,2024
user_02439,Data,25-29 ans,F,Île-de-France,2023
user_02440,Data,45-49 ans,F,Pays de la Loire,2025
user_02441,Data,35-39 ans,M,Île-de-France,2023
user_00821,Data,50-54 ans,,Nouvelle-Aquitaine,2023
user_02442,Data,30-34 ans,M,Nouvelle-Aquitaine,2024
user_02443,Data,30-34 ans,F,Île-de-France,2025
user_02444,Data,30-34 ans,F,Île-de-France,2025
user_02445,Data,40-44 ans,F,Nouvelle-Aquitaine,2022
user_02446,Data,35-39 ans,,Île-de-France,2023
user_02447,Data,45-49 ans,M,DROM,2024
user_02448,Data,45-49 ans,,Île-de-France,2022
user_00338,Data,40-44 ans,,Occitanie,2024
user_02449,Data,30-34 ans,F,Occitanie,2023
user_02450,Data,40-44 ans,,Nouvelle-Aquitaine,2022
user_02451,Data,25-29 ans,M,Auvergne-Rhône-Alpes,2022
user_02452,Data,45-49 ans,M,Bretagne,2022
user_02453,Data,25-29 ans,M,Grand Est,2022
user_02454,Data,30-34 ans,M,Normandie,2024
user_02455,Data,25-29 ans,,Île-de-France,2022
user_02456,Data,30-34 ans,F,Île-de-France,2022
user_00120,Data,35-39 ans,,Grand Est,2022
user_02457,Data,30-34 ans,F,Centre-Val de Loire,2025
user_02458,Data,35-39 ans,M,Auvergne-Rhône-Alpes,2023
user_02459,Data,45-49 ans,,Île-de-France,2022
user_02460,Data,45-49 ans,F,Pays de la Loire,2025
user_01328,Data,60 ans ou plus,M,Auvergne-Rhône-Alpes,2022
user_01389,Data,35-39 ans,F,Normandie,2022
user_02461,Data,40-44 ans,M,Île-de-France,2023
user_02462,Data,25-29 ans,M,Auvergne-Rhône-Alpes,2025
user_02463,Data,35-39 ans,M,Nouvelle-Aquitaine,2025
user_02464,Data,50-54 ans,F,Île-de-France,2024
user_02465,Data,30-34 ans,,Île-de-France,2023
user_02466,Data,35-39 ans,,Île-de-France,2022
user_02467,Data,25-29 ans,F,Provence-Alpes-Côte d'Azur,2022
user_02468,Data,25-29 ans,F,Auvergne-Rhône-Alpes,2024
user_02469,Data,40-44 ans,M,Auvergne-Rhône-Alpes,2024
user_02470,Data,25-29 ans,F,Île-de-France,2024
user_02471,Data,25-29 ans,,Hauts-de-France,2022
user_02472,Data,40-44 ans,,Provence-Alpes-Côte d'Azur,2023
user_02473,Data,30-34 ans,F,Auvergne-Rhône-Alpes,2022
user_02474,Data,30-34 ans,,Nouvelle-Aquitaine,2023
user_02475,Data,25-29 ans,F,Île-de-France,2024
user_00092,Data,40-44 ans,,Île-de-France,2024
user_02476,Data,50-54 ans,F,Nouvelle-Aquitaine,2025
user_02477,Data,30-34 ans,F,Bretagne,2024
user_02478,Data,30-34 ans,F,Île-de-France,2024
user_02479,Data,30-34 ans,F,Occitanie,2022
user_02480,Data,40-44 ans,M,Île-de-France,2024
user_02481,Data,40-44 ans,,Île-de-France,2024
user_02482,Data,30-34 ans,,Bretagne,2023
user_02483,Data,35-39 ans,M,Île-de-France,2025
user_02484,Data,25-29 ans,M,Provence-Alpes-Côte d'Azur,2025
user_02419,Data,30-34 ans,F,Île-de-France,2022
user_01737,Data,30-34 ans,M,Île-de-France,2023
user_02485,Data,35-39 ans,M,Auvergne-Rhône-Alpes,2024
user_02486,Data,25-29 ans,M,Auvergne-Rhône-Alpes,2024
user_02487,Data,55-59 ans,M,Pays de la Loire,2022
user_02488,Data,55-59 ans,,Île-de-France,2022
user_01334,Data,25-29 ans,M,Provence-Alpes-Côte d'Azur,2022
user_02283,Data,55-59 ans,M,Île-de-France,2025
user_00359,Data,20-24 ans,M,Centre-Val de Loire,2023
user_02489,Data,20-24 ans,F,Île-de-France,2025
user_02490,Data,45-49 ans,F,Île-de-France,2023
user_02491,Data,30-34 ans,,Île-de-France,2022
user_02492,Data,30-34 ans,F,Bretagne,2025
user_01822,Data,25-29 ans,M,Nouvelle-Aquitaine,2023
user_02493,Data,30-34 ans,M,Auvergne-Rhône-Alpes,2025
user_02494,Data,25-29 ans,F,Île-de-France,2022
user_02495,Data,60 ans ou plus,,Île-de-France,2022
user_01144,Data,50-54 ans,M,Île-de-France,2023
user_02496,Data,20-24 ans,,Île-de-France,2022
user_02497,Data,35-39 ans,,Occitanie,2022
user_02498,Data,40-44 ans,F,Auvergne-Rhône-Alpes,2022
user_02499,Data,25-29 ans,M,Île-de-France,2023
user_02500,Data,25-29 ans,M,Île-de-France,2024
user_02501,Data,35-39 ans,M,Hauts-de-France,2024
user_00947,Data,40-44 ans,M,Hauts-de-France,2022
user_02502,Data,40-44 ans,,Île-de-France,2023
user_02503,Data,30-34 ans,F,Hauts-de-France,2023
user_02504,Data,30-34 ans,,Normandie,2023
user_02437,Data,25-29 ans,,Île-de-France,2024
user_00405,Data,25-29 ans,M,Occitanie,2024
user_01154,Data,40-44 ans,M,Île-de-France,2022
user_02505,Data,25-29 ans,F,Île-de-France,2022
user_02506,Data,25-29 ans,,Île-de-France,2022
user_02507,Data,25-29 ans,,Île-de-France,2023
user_02508,Data,45-49 ans,,Nouvelle-Aquitaine,2022
user_02509,Data,35-39 ans,M,Grand Est,2024
user_02510,Data,25-29 ans,F,Île-de-France,2025
user_02511,Data,45-49 ans,,Hauts-de-France,2023
user_02512,Data,35-39 ans,F,Normandie,2024
user_02513,Data,25-29 ans,,Occitanie,2022
user_00895,Data,35-39 ans,,Île-de-France,2022
user_00410,Data,40-44 ans,M,Occitanie,2023
user_02514,Data,35-39 ans,,Île-de-France,2023
user_02515,Data,35-39 ans,,Occitanie,2022
user_02516,Data,30-34 ans,,Nouvelle-Aquitaine,2022
user_02517,Data,30-34 ans,M,Grand Est,2025
user_02518,Data,55-59 ans,F,Île-de-France,2022
user_02519,Data,45-49 ans,,Île-de-France,2022
user_02520,Data,35-39 ans,M,Hauts-de-France,2024
user_02521,Data,25-29 ans,F,Grand Est,2023
user_02522,Data,25-29 ans,M,Centre-Val de Loire,2024
user_02523,Data,40-44 ans,,Occitanie,2022
user_02524,Data,30-34 ans,M,Nouvelle-Aquitaine,2024
user_01326,Data,35-39 ans,,Île-de-France,2025
user_02525,Data,40-44 ans,,Île-de-France,2022
user_02526,Data,35-39 ans,M,DROM,2023
user_02527,Data,30-34 ans,M,Île-de-France,2022
user_01788,Data,40-44 ans,M,Île-de-France,2024
user_01905,Data,30-34 ans,M,Auvergne-Rhône-Alpes,2024
user_02528,Data,30-34 ans,M,Bretagne,2023
user_02529,Data,35-39 ans,,Bretagne,2023
user_02530,Data,35-39 ans,F,Île-de-France,2025
user_02404,Data,35-39 ans,,Provence-Alpes-Côte d'Azur,2024
user_02531,Data,30-34 ans,,Hauts-de-France,2022
user_02532,Data,30-34 ans,,Grand Est,2025
user_00152,Data,35-39 ans,,Île-de-France,2023
user_01544,Data,25-29 ans,M,Nouvelle-Aquitaine,2022
user_02533,Data,35-39 ans,M,Île-de-France,2022
user_02534,Data,35-39 ans,M,Île-de-France,2022
user_02535,Data,40-44 ans,M,Île-de-France,2023
user_02536,Data,35-39 ans,M,Île-de-France,2024
user_02537,Data,30-34 ans,,Nouvelle-Aquitaine,2022
user_02538,Data,40-44 ans,F,Occitanie,2023
user_02539,Data,25-29 ans,M,Occitanie,2025
user_01200,Data,30-34 ans,M,Île-de-France,2023
user_02540,Data,25-29 ans,F,Île-de-France,2025
user_02541,Data,40-44 ans,,Île-de-France,2022
user_02542,Data,30-34 ans,M,Île-de-France,2024
user_02543,Data,55-59 ans,M,Île-de-France,2022
user_02544,Data,30-34 ans,,Île-de-France,2022
user_00028,Data,30-34 ans,F,Île-de-France,2023
user_01668,Data,40-44 ans,M,Île-de-France,2022
user_02545,Data,40-44 ans,,Provence-Alpes-Côte d'Azur,2022
user_02546,Data,55-59 ans,F,Pays de la Loire,2025
user_02547,Data,30-34 ans,,Provence-Alpes-Côte d'Azur,2023
user_02548,Data,35-39 ans,F,Nouvelle-Aquitaine,2024
user_02549,Data,35-39 ans,,Île-de-France,2022
user_02550,Data,40-44 ans,,Île-de-France,2022
user_02121,Data,50-54 ans,,Île-de-France,2022
user_02551,Data,25-29 ans,M,Nouvelle-Aquitaine,2023
user_02552,Data,40-44 ans,,Île-de-France,2024
user_02553,Data,45-49 ans,,Hauts-de-France,2022
user_02554,Data,45-49 ans,,Île-de-France,2022
user_01692,Data,45-49 ans,M,Occitanie,2025
user_02555,Data,35-39 ans,F,Nouvelle-Aquitaine,2022
user_02556,Data,30-34 ans,M,Normandie,2022
user_02238,Data,20-24 ans,M,Île-de-France,2023
user_02557,Data,30-34 ans,M,Auvergne-Rhône-Alpes,2022
user_02558,Data,30-34 ans,F,Île-de-France,2022
user_02559,Data,35-39 ans,,Île-de-France,2024
user_02560,Data,20-24 ans,F,Bretagne,2024
user_02561,Data,35-39 ans,,Île-de-France,2022
user_00688,Data,45-49 ans,F,Nouvelle-Aquitaine,2022
user_02562,Data,50-54 ans,M,Île-de-France,2022
user_02563,Data,30-34 ans,M,Normandie,2025
user_02564,Data,25-29 ans,M,Hauts-de-France,2024
user_02448,Data,45-49 ans,,Île-de-France,2023
user_02565,Data,25-29 ans,F,Île-de-France,2023
user_02566,Data,45-49 ans,M,Île-de-France,2024
user_02567,Data,30-34 ans,M,Occitanie,2025
user_02568,Data,45-49 ans,M,Île-de-France,2025
user_02514,Data,35-39 ans,,Île-de-France,2022
user_02569,Data,30-34 ans,,Grand Est,2022
user_02570,Data,25-29 ans,M,Occitanie,2025
user_02571,Data,25-29 ans,M,Hauts-de-France,2025
user_02572,Data,35-39 ans,M,Grand Est,2022
user_02573,Data,40-44 ans,F,Provence-Alpes-Côte d'Azur,2025
user_02457,Data,30-34 ans,F,Centre-Val de Loire,2023
user_02574,Data,30-34 ans,,Occitanie,2022
user_02575,Data,45-49 ans,M,Auvergne-Rhône-Alpes,2022
user_01790,Data,50-54 ans,,Île-de-France,2025
user_02576,Data,25-29 ans,,Île-de-France,2022
user_02577,Data,55-59 ans,,Île-de-France,2024
user_02578,Data,35-39 ans,,Île-de-France,2022
user_02579,Data,40-44 ans,M,Provence-Alpes-Côte d'Azur,2022
user_02580,Data,20-24 ans,M,Grand Est,2023
user_02581,Data,30-34 ans,M,Nouvelle-Aquitaine,2022
user_02582,Data,25-29 ans,M,Provence-Alpes-Côte d'Azur,2023
user_02583,Data,55-59 ans,,Île-de-France,2022
user_02584,Data,30-34 ans,,Île-de-France,2022
user_01069,Data,55-59 ans,M,Provence-Alpes-Côte d'Azur,2022
user_02585,Data,40-44 ans,M,Île-de-France,2022
user_02586,Data,60 ans ou plus,M,Auvergne-Rhône-Alpes,2022
user_02536,Data,35-39 ans,M,Île-de-France,2025
user_02587,Data,55-59 ans,,Hauts-de-France,2022
user_02588,Data,25-29 ans,F,Île-de-France,2023
user_02589,Data,30-34 ans,F,Île-de-France,2022
user_02590,Data,25-29 ans,M,Île-de-France,2023
user_01199,Data,55-59 ans,,Auvergne-Rhône-Alpes,2022
user_01076,Data,30-34 ans,F,Île-de-France,2023
user_02591,Data,50-54 ans,,Île-de-France,2023
user_02592,Data,35-39 ans,F,Occitanie,2024
user_02593,Data,40-44 ans,M,Île-de-France,2022
user_02594,Data,25-29 ans,F,Île-de-France,2025
user_02595,Data,35-39 ans,M,Auvergne-Rhône-Alpes,2022
user_02596,Data,30-34 ans,M,Auvergne-Rhône-Alpes,2023
user_02597,Data,35-39 ans,,Nouvelle-Aquitaine,2022
user_02598,Data,40-44 ans,M,Auvergne-Rhône-Alpes,2024
user_02599,Data,35-39 ans,,Normandie,2024
user_02600,Data,35-39 ans,F,Nouvelle-Aquitaine,2025
user_02601,Data,35-39 ans,M,Nouvelle-Aquitaine,2022
user_02602,Data,50-54 ans,M,Île-de-France,2025
user_02603,Data,50-54 ans,M,Île-de-France,2022
user_02604,Data,20-24 ans,,Grand Est,2023
user_02605,Data,25-29 ans,M,Occitanie,2022
user_01750,Data,30-34 ans,,Normandie,2022
user_02606,Data,20-24 ans,M,Auvergne-Rhône-Alpes,2025
user_02607,Data,40-44 ans,F,Île-de-France,2022
user_00786,Data,25-29 ans,M,Grand Est,2025
user_02608,Data,30-34 ans,M,Île-de-France,2022
user_02609,Data,35-39 ans,M,Île-de-France,2023
user_02610,Data,40-44 ans,,Hauts-de-France,2022
user_02611,Data,25-29 ans,M,Île-de-France,2023
user_02612,Data,30-34 ans,F,Occitanie,2024
user_02613,Data,35-39 ans,F,Île-de-France,2022
user_01027,Data,45-49 ans,M,Hauts-de-France,2025
user_02614,Data,35-39 ans,F,Hauts-de-France,2022
user_02615,Data,50-54 ans,F,Normandie,2023
user_02616,Data,25-29 ans,,Île-de-France,2022
user_01951,Data,30-34 ans,M,Île-de-France,2024
user_02617,Data,30-34 ans,M,Provence-Alpes-Côte d'Azur,2022
user_01432,Data,20-24 ans,M,Île-de-France,2025
user_02186,Data,40-44 ans,F,Île-de-France,2023
user_02618,Data,30-34 ans,M,Bourgogne-Franche-Comté,2024
user_02619,Data,25-29 ans,M,Provence-Alpes-Côte d'Azur,2025
user_02620,Data,40-44 ans,,Auvergne-Rhône-Alpes,2022
user_02621,Data,45-49 ans,M,Auvergne-Rhône-Alpes,2024
user_02622,Data,35-39 ans,M,Centre-Val de Loire,2024
user_02623,Data,45-49 ans,M,Île-de-France,2022
user_02624,Data,30-34 ans,F,Île-de-France,2023
user_02625,Data,40-44 ans,,Hauts-de-France,2022
user_02626,Data,30-34 ans,,Île-de-France,2023
user_02627,Data,30-34 ans,M,Île-de-France,2023
user_02628,Data,30-34 ans,,Normandie,2025
user_02629,Data,35-39 ans,M,Occitanie,2025
user_02630,Data,20-24 ans,M,Île-de-France,2024
user_02631,Data,40-44 ans,M,Provence-Alpes-Côte d'Azur,2025
user_02632,Data,40-44 ans,,Pays de la Loire,2022
user_02633,Data,25-29 ans,,Pays de la Loire,2023
user_02634,Data,35-39 ans,,Île-de-France,2023
user_02635,Data,20-24 ans,F,Île-de-France,2022
user_02636,Data,55-59 ans,M,Bourgogne-Franche-Comté,2023
user_02637,Data,40-44 ans,M,Normandie,2025
user_02638,Data,35-39 ans,M,Nouvelle-Aquitaine,2023
user_02639,Data,25-29 ans,M,Grand Est,2023
user_02640,Data,25-29 ans,M,Île-de-France,2022
user_02641,Data,25-29 ans,M,Île-de-France,2025
user_01116,Data,30-34 ans,M,Île-de-France,2025
user_02642,Data,40-44 ans,M,Nouvelle-Aquitaine,2025
user_02643,Data,35-39 ans,,Île-de-France,2022
user_02644,Data,40-44 ans,F,Occitanie,2022
user_00154,Data,40-44 ans,M,Île-de-France,2023
user_02213,Data,35-39 ans,,Occitanie,2023
user_02645,Data,35-39 ans,M,Hauts-de-France,2025
user_02646,Data,40-44 ans,M,Auvergne-Rhône-Alpes,2022
user_02647,Data,30-34 ans,M,Nouvelle-Aquitaine,2022
user_02538,Data,40-44 ans,F,Occitanie,2022
user_00303,Data,50-54 ans,M,Pays de la Loire,2023
user_00805,Data,40-44 ans,M,Centre-Val de Loire,2025
user_02648,Data,40-44 ans,M,Île-de-France,2024
user_00163,Data,45-49 ans,F,Île-de-France,2023
user_02649,Data,30-34 ans,M,Auvergne-Rhône-Alpes,2024
user_02650,Data,25-29 ans,,Provence-Alpes-Côte d'Azur,2023
user_02651,Data,25-29 ans,,Île-de-France,2023
user_01466,Data,30-34 ans,,Hauts-de-France,2022
user_01604,Data,30-34 ans,M,Île-de-France,2023
user_02652,Data,30-34 ans,,DROM,2022
user_02653,Data,30-34 ans,,Bourgogne-Franche-Comté,2022
user_02654,Data,30-34 ans,M,Île-de-France,2023
user_02655,Data,30-34 ans,M,Centre-Val de Loire,2022
user_02656,Data,40-44 ans,M,Île-de-France,2023
user_02657,Data,40-44 ans,M,Île-de-France,2024
user_02113,Data,40-44 ans,F,Provence-Alpes-Côte d'Azur,2022
user_02658,Data,25-29 ans,F,Île-de-France,2025
user_02546,Data,55-59 ans,F,Pays de la Loire,2022
user_02659,Data,30-34 ans,,Île-de-France,2022
user_02660,Data,40-44 ans,M,Île-de-France,2024
user_02661,Data,45-49 ans,M,Occitanie,2023
user_02662,Data,20-24 ans,M,Nouvelle-Aquitaine,2025
user_02663,Data,30-34 ans,M,Grand Est,2025
user_02664,Data,25-29 ans,F,Île-de-France,2023
user_02665,Data,50-54 ans,F,Normandie,2024
user_02666,Data,45-49 ans,M,Île-de-France,2023
user_01180,Data,45-49 ans,F,Île-de-France,2024
user_02667,Data,45-49 ans,M,Île-de-France,2022
user_02668,Data,40-44 ans,F,Île-de-France,2023
user_02669,Data,30-34 ans,,Auvergne-Rhône-Alpes,2022
user_02670,Data,50-54 ans,M,Normandie,2025
user_02671,Data,50-54 ans,M,Auvergne-Rhône-Alpes,2024
user_00392,Data,45-49 ans,,Auvergne-Rhône-Alpes,2022
user_02672,Data,20-24 ans,M,Île-de-France,2023
user_02673,Data,25-29 ans,,Centre-Val de Loire,2022
user_02674,Data,25-29 ans,M,Hauts-de-France,2024
user_02675,Data,30-34 ans,M,Auvergne-Rhône-Alpes,2023
user_01512,Data,25-29 ans,M,Île-de-France,2022
user_01295,Data,40-44 ans,M,Île-de-France,2022
user_02676,Data,25-29 ans,M,Île-de-France,2023
user_02677,Data,30-34 ans,M,Occitanie,2024
user_02678,Data,35-39 ans,M,Nouvelle-Aquitaine,2024
user_02679,Data,35-39 ans,M,Nouvelle-Aquitaine,2025
user_02680,Data,30-34 ans,F,Pays de la Loire,2025
user_02681,Data,30-34 ans,F,Île-de-France,2025
user_00324,Data,50-54 ans,M,Normandie,2025
user_02682,Data,35-39 ans,M,Île-de-France,2025
user_02183,Data,30-34 ans,M,Île-de-France,2023
user_01427,Data,50-54 ans,,Auvergne-Rhône-Alpes,2024
user_02683,Data,45-49 ans,M,Bourgogne-Franche-Comté,2022
user_02684,Data,40-44 ans,M,Île-de-France,2024
user_02073,Data,35-39 ans,,Hauts-de-France,2022
user_02685,Data,35-39 ans,F,Île-de-France,2022
user_02686,Data,55-59 ans,,Île-de-France,2024
user_02687,Data,25-29 ans,,Auvergne-Rhône-Alpes,2022
user_02688,Data,30-34 ans,M,Auvergne-Rhône-Alpes,2025
user_01236,Data,30-34 ans,F,DROM,2024
user_02689,Data,45-49 ans,M,Île-de-France,2025
user_02690,Data,55-59 ans,,Île-de-France,2023
user_02691,Data,25-29 ans,,Île-de-France,2025
user_02692,Data,50-54 ans,M,Île-de-France,2022
user_02693,Data,35-39 ans,,Bretagne,2023
user_02694,Data,30-34 ans,M,Île-de-France,2024
user_02695,Data,35-39 ans,M,Île-de-France,2022
user_02696,Data,45-49 ans,M,Auvergne-Rhône-Alpes,2025
user_02697,Data,40-44 ans,M,Île-de-France,2024
user_02698,Data,30-34 ans,F,Pays de la Loire,2024
user_00558,Data,25-29 ans,F,Provence-Alpes-Côte d'Azur,2024
user_02699,Data,40-44 ans,M,Grand Est,2023
user_02700,Data,30-34 ans,F,Auvergne-Rhône-Alpes,2025
user_02701,Data,30-34 ans,M,Île-de-France,2025
user_02087,Data,50-54 ans,,Hauts-de-France,2022
user_02702,Data,25-29 ans,,Hauts-de-France,2022
user_02703,Data,35-39 ans,M,Île-de-France,2022
user_02704,Data,20-24 ans,M,Île-de-France,2025
user_02705,Data,50-54 ans,M,Hauts-de-France,2023
user_02410,Data,25-29 ans,M,Auvergne-Rhône-Alpes,2025
user_01665,Data,50-54 ans,,Île-de-France,2022
user_02706,Data,25-29 ans,,Île-de-France,2022
user_02707,Data,45-49 ans,M,Auvergne-Rhône-Alpes,2022
user_02708,Data,25-29 ans,M,Île-de-France,2024
user_02709,Data,35-39 ans,M,Île-de-France,2022
user_02710,Data,35-39 ans,F,Grand Est,2024
user_01467,Data,30-34 ans,,Île-de-France,2022
user_02711,Data,25-29 ans,F,Provence-Alpes-Côte d'Azur,2022
user_00440,Data,35-39 ans,,Île-de-France,2024
user_02712,Data,35-39 ans,M,Auvergne-Rhône-Alpes,2022
user_02713,Data,30-34 ans,M,Bourgogne-Franche-Comté,2022
user_02714,Data,30-34 ans,,Île-de-France,2022
user_02715,Data,40-44 ans,M,Île-de-France,2022
user_02716,Data,35-39 ans,M,Auvergne-Rhône-Alpes,2025
user_02717,Data,25-29 ans,M,Île-de-France,2024
user_02718,Data,35-39 ans,,Île-de-France,2022
user_02719,Data,35-39 ans,M,Normandie,2023
user_02212,Data,45-49 ans,M,Nouvelle-Aquitaine,2022
user_02720,Data,30-34 ans,,Île-de-France,2022
user_02721,Data,35-39 ans,,Provence-Alpes-Côte d'Azur,2022
user_02722,Data,25-29 ans,F,Grand Est,2023
user_02656,Data,40-44 ans,M,Île-de-France,2022
user_01556,Data,25-29 ans,M,Centre-Val de Loire,2022
user_02723,Data,30-34 ans,F,Île-de-France,2022
user_02546,Data,55-59 ans,F,Pays de la Loire,2024
user_02724,Data,30-34 ans,M,Pays de la Loire,2022
user_02725,Data,50-54 ans,F,Île-de-France,2025
user_01258,Data,25-29 ans,,Provence-Alpes-Côte d'Azur,2023
user_02726,Data,35-39 ans,,Île-de-France,2024
user_02727,Data,45-49 ans,M,Pays de la Loire,2025
user_02728,Data,20-24 ans,M,Provence-Alpes-Côte d'Azur,2025
user_02729,Data,50-54 ans,,Île-de-France,2022
user_01142,Data,35-39 ans,M,Île-de-France,2024
user_02730,Data,35-39 ans,M,Grand Est,2022
user_02731,Data,45-49 ans,F,Île-de-France,2022
user_02732,Data,40-44 ans,,Île-de-France,2022
user_01217,Data,35-39 ans,F,Occitanie,2025
user_02733,Data,30-34 ans,F,Île-de-France,2024
user_02734,Data,35-39 ans,M,Grand Est,2024
user_00176,Data,25-29 ans,M,Île-de-France,2024
user_02735,Data,35-39 ans,F,Auvergne-Rhône-Alpes,2022
user_02736,Data,50-54 ans,F,Hauts-de-France,2023
user_00546,Data,45-49 ans,M,Auvergne-Rhône-Alpes,2023
user_00606,Data,35-39 ans,M,Grand Est,2024
user_02737,Data,35-39 ans,M,Auvergne-Rhône-Alpes,2024
user_02738,Data,25-29 ans,F,Île-de-France,2024
user_02739,Data,40-44 ans,M,Occitanie,2022
user_01021,Data,25-29 ans,F,Île-de-France,2025
user_02740,Data,30-34 ans,F,Île-de-France,2022
user_02741,Data,35-39 ans,M,Grand Est,2022
user_02742,Data,25-29 ans,M,Île-de-France,2023
user_02743,Data,25-29 ans,F,Provence-Alpes-Côte d'Azur,2024
user_02744,Data,35-39 ans,M,Auvergne-Rhône-Alpes,2022
user_02745,Data,40-44 ans,M,DROM,2025
user_02746,Data,25-29 ans,M,Île-de-France,2023
user_02747,Data,40-44 ans,F,Nouvelle-Aquitaine,2022
user_02748,Data,30-34 ans,M,Grand Est,2022
user_02749,Data,30-34 ans,M,Occitanie,2023
user_02750,Data,45-49 ans,F,Nouvelle-Aquitaine,2022
user_02140,Data,30-34 ans,M,Île-de-France,2022
user_00900,Data,45-49 ans,,Nouvelle-Aquitaine,2025
user_02751,Data,45-49 ans,,Auvergne-Rhône-Alpes,2022
user_02752,Data,35-39 ans,M,Pays de la Loire,2022
user_02141,Data,30-34 ans,M,Île-de-France,2023
user_02753,Data,25-29 ans,M,Île-de-France,2025
user_02754,Data,25-29 ans,M,Occitanie,2022
user_02755,Data,25-29 ans,M,Île-de-France,2024
user_02756,Data,30-34 ans,,Île-de-France,2022
user_02757,Data,45-49 ans,M,Bretagne,2024
user_02758,Data,35-39 ans,M,Île-de-France,2022
user_02759,Data,25-29 ans,,Île-de-France,2022
user_02760,Data,60 ans ou plus,M,Île-de-France,2022
user_02761,Data,25-29 ans,M,Bourgogne-Franche-Comté,2022
user_02762,Data,45-49 ans,M,Bretagne,2022
user_02763,Data,30-34 ans,F,Île-de-France,2022
user_00493,Data,60 ans ou plus,M,Provence-Alpes-Côte d'Azur,2022
user_00779,Data,30-34 ans,F,Hauts-de-France,2022
user_02764,Data,25-29 ans,M,Auvergne-Rhône-Alpes,2025
user_02765,Data,25-29 ans,M,Île-de-France,2025
user_02766,Data,30-34 ans,M,Pays de la Loire,2024
user_02767,Data,25-29 ans,,Île-de-France,2023
user_02768,Data,30-34 ans,,Auvergne-Rhône-Alpes,2025
user_00772,Data,50-54 ans,M,Île-de-France,2023
user_02769,Data,40-44 ans,,Auvergne-Rhône-Alpes,2022
user_02770,Data,25-29 ans,F,Île-de-France,2022
user_01986,Data,35-39 ans,M,Île-de-France,2024
user_02771,Data,20-24 ans,M,Bretagne,2025
user_02772,Data,25-29 ans,,Auvergne-Rhône-Alpes,2022
user_02773,Data,40-44 ans,M,Provence-Alpes-Côte d'Azur,2024
user_02774,Data,20-24 ans,F,Île-de-France,2025
user_02775,Data,30-34 ans,,Nouvelle-Aquitaine,2023
user_02776,Data,35-39 ans,,Pays de la Loire,2023
user_02777,Data,30-34 ans,,Île-de-France,2022
user_02778,Data,50-54 ans,,Grand Est,2022
user_02779,Data,30-34 ans,M,Île-de-France,2023
user_02780,Data,40-44 ans,M,Nouvelle-Aquitaine,2022
user_02781,Data,30-34 ans,,Île-de-France,2022
user_01794,Data,35-39 ans,,Nouvelle-Aquitaine,2023
user_02782,Data,25-29 ans,M,Auvergne-Rhône-Alpes,2024
user_02783,Data,20-24 ans,M,Provence-Alpes-Côte d'Azur,2023
user_02405,Data,25-29 ans,M,Normandie,2022
user_01609,Data,25-29 ans,,Île-de-France,2023
user_02784,Data,30-34 ans,,Normandie,2022
user_02785,Data,40-44 ans,,Auvergne-Rhône-Alpes,2022
user_02786,Data,30-34 ans,M,Provence-Alpes-Côte d'Azur,2023
user_02787,Data,40-44 ans,F,Île-de-France,2024
user_02788,Data,20-24 ans,M,Nouvelle-Aquitaine,2025
user_02789,Data,35-39 ans,,Île-de-France,2023
user_02790,Data,35-39 ans,F,Nouvelle-Aquitaine,2024
user_02791,Data,30-34 ans,M,Île-de-France,2022
user_02792,Data,30-34 ans,F,Île-de-France,2022
user_02793,Data,30-34 ans,M,DROM,2022
user_02794,Data,35-39 ans,F,Île-de-France,2023
user_02795,Data,50-54 ans,M,Île-de-France,2024
user_02796,Data,35-39 ans,M,Grand Est,2024
user_02287,Data,25-29 ans,M,Île-de-France,2024
user_01682,Data,30-34 ans,M,Hauts-de-France,2022
user_02797,Data,25-29 ans,M,Île-de-France,2023
user_02798,Data,30-34 ans,M,Grand Est,2025
user_02799,Data,25-29 ans,M,Île-de-France,2025
user_02800,Data,35-39 ans,F,Provence-Alpes-Côte d'Azur,2022
user_02801,Data,50-54 ans,,Île-de-France,2022
user_00243,Data,40-44 ans,,Auvergne-Rhône-Alpes,2022
user_02802,Data,25-29 ans,M,Île-de-France,2022
user_02803,Data,35-39 ans,,Hauts-de-France,2023
user_02804,Data,55-59 ans,,Île-de-France,2023
user_02805,Data,40-44 ans,M,Centre-Val de Loire,2025
user_02806,Data,35-39 ans,M,Bretagne,2025
user_02807,Data,50-54 ans,M,Île-de-France,2024
user_02808,Data,30-34 ans,F,Île-de-France,2023
user_02809,Data,25-29 ans,M,Île-de-France,2023
user_02810,Data,60 ans ou plus,M,Île-de-France,2022
user_02811,Data,45-49 ans,M,Nouvelle-Aquitaine,2023
user_02188,Data,30-34 ans,F,Île-de-France,2024
user_02083,Data,30-34 ans,F,Bretagne,2024
user_02812,Data,30-34 ans,M,Bretagne,2022
user_02813,Data,25-29 ans,,Provence-Alpes-Côte d'Azur,2022
user_02814,Data,35-39 ans,F,Nouvelle-Aquitaine,2022
user_02815,Data,35-39 ans,M,Provence-Alpes-Côte d'Azur,2022
user_02816,Data,45-49 ans,M,Île-de-France,2025
user_01574,Data,45-49 ans,M,Grand Est,2024
user_02817,Data,35-39 ans,M,Île-de-France,2022
user_00413,Data,30-34 ans,F,Île-de-France,2023
user_02818,Data,35-39 ans,,Île-de-France,2022
user_02819,Data,35-39 ans,M,Grand Est,2025
user_02820,Data,30-34 ans,,Provence-Alpes-Côte d'Azur,2022
user_02821,Data,45-49 ans,,Île-de-France,2023
user_02822,Data,45-49 ans,M,Pays de la Loire,2023
user_01649,Data,30-34 ans,F,Île-de-France,2022
user_02823,Data,45-49 ans,M,Île-de-France,2024
user_02824,Data,30-34 ans,M,Île-de-France,2025
user_02825,Data,35-39 ans,F,Île-de-France,2022
user_02826,Data,35-39 ans,M,Auvergne-Rhône-Alpes,2022
user_00729,Data,35-39 ans,M,Île-de-France,2024
user_02827,Data,40-44 ans,M,Île-de-France,2022
user_02828,Data,25-29 ans,M,Grand Est,2022
user_00729,Data,35-39 ans,M,Île-de-France,2022
user_02829,Data,25-29 ans,M,Occitanie,2022
user_02830,Data,45-49 ans,M,Pays de la Loire,2022
user_02831,Data,30-34 ans,F,Île-de-France,2022
user_02832,Data,30-34 ans,M,Île-de-France,2025
user_02833,Data,35-39 ans,F,Île-de-France,2024
user_02834,Data,40-44 ans,M,Pays de la Loire,2025
user_02835,Data,25-29 ans,,Île-de-France,2023
user_02151,Data,45-49 ans,F,Île-de-France,2022
user_02836,Data,30-34 ans,M,Provence-Alpes-Côte d'Azur,2022
user_02837,Data,30-34 ans,,Auvergne-Rhône-Alpes,2022
user_02838,Data,30-34 ans,M,Bretagne,2025
user_02839,Data,30-34 ans,M,Normandie,2025
user_02840,Data,40-44 ans,M,Bretagne,2025
user_02841,Data,30-34 ans,F,Île-de-France,2023
user_02842,Data,25-29 ans,M,Occitanie,2025
user_02843,Data,25-29 ans,M,Île-de-France,2025
user_02844,Data,55-59 ans,F,Île-de-France,2024
user_00630,Data,30-34 ans,,Normandie,2022
user_02845,Data,50-54 ans,F,Occitanie,2025
user_02846,Data,30-34 ans,M,Grand Est,2022
user_02847,Data,35-39 ans,F,Île-de-France,2023
user_02848,Data,45-49 ans,,Nouvelle-Aquitaine,2022
user_02849,Data,35-39 ans,,Grand Est,2024
user_02850,Data,50-54 ans,F,Île-de-France,2022
user_00953,Data,25-29 ans,M,Nouvelle-Aquitaine,2025
user_01625,Data,30-34 ans,M,Auvergne-Rhône-Alpes,2022
user_02554,Data,45-49 ans,,Île-de-France,2023
user_02851,Data,35-39 ans,,Île-de-France,2023
user_02852,Data,25-29 ans,F,Île-de-France,2023
user_01291,Data,25-29 ans,F,Île-de-France,2022
user_02853,Data,30-34 ans,M,Occitanie,2024
user_02854,Data,35-39 ans,F,Île-de-France,2025
user_02855,Data,30-34 ans,,Bourgogne-Franche-Comté,2022
user_02856,Data,30-34 ans,M,Île-de-France,2025
user_02500,Data,25-29 ans,M,Île-de-France,2025
user_02857,Data,35-39 ans,M,Hauts-de-France,2025
user_02858,Data,40-44 ans,F,Île-de-France,2022
user_02859,Data,30-34 ans,F,Île-de-France,2023
user_02860,Data,35-39 ans,,Île-de-France,2022
user_01028,Data,45-49 ans,M,Île-de-France,2023
user_02861,Data,40-44 ans,,Île-de-France,2023
user_02862,Data,30-34 ans,F,Île-de-France,2024
user_02863,Data,45-49 ans,M,Île-de-France,2022
user_02864,Data,25-29 ans,F,Île-de-France,2024
user_02865,Data,35-39 ans,M,Provence-Alpes-Côte d'Azur,2022
user_02866,Data,25-29 ans,M,Provence-Alpes-Côte d'Azur,2025
user_02867,Data,30-34 ans,M,Occitanie,2023
user_02868,Data,30-34 ans,M,Normandie,2025
user_02869,Data,45-49 ans,M,Île-de-France,2025
user_00206,Data,30-34 ans,F,Nouvelle-Aquitaine,2024
user_02870,Data,35-39 ans,,Île-de-France,2022
user_00621,Data,55-59 ans,,Île-de-France,2023
user_02871,Data,45-49 ans,F,Île-de-France,2025
user_00352,Data,30-34 ans,M,Bourgogne-Franche-Comté,2025
user_02872,Data,45-49 ans,,Centre-Val de Loire,2023
user_02873,Data,30-34 ans,F,Bretagne,2024
user_02874,Data,30-34 ans,,Île-de-France,2023
user_02875,Data,30-34 ans,F,Auvergne-Rhône-Alpes,2025
user_02321,Data,30-34 ans,,Auvergne-Rhône-Alpes,2023
user_02876,Data,25-29 ans,,Centre-Val de Loire,2023
user_02521,Data,25-29 ans,F,Grand Est,2025
user_00773,Data,45-49 ans,,Île-de-France,2023
user_02877,Data,30-34 ans,,Île-de-France,2022
user_02878,Data,40-44 ans,M,Île-de-France,2023
user_00978,Data,30-34 ans,M,Pays de la Loire,2022
user_02879,Data,30-34 ans,M,Hauts-de-France,2022
user_02880,Data,35-39 ans,M,Bretagne,2022
user_02881,Data,35-39 ans,,Île-de-France,2022
user_02882,Data,55-59 ans,M,Grand Est,2022
user_02883,Data,35-39 ans,M,Île-de-France,2024
user_02884,Data,25-29 ans,M,Île-de-France,2022
user_02885,Data,35-39 ans,,Île-de-France,2023
user_02886,Data,20-24 ans,,Île-de-France,2023
user_02216,Data,30-34 ans,M,Hauts-de-France,2024
user_02887,Data,50-54 ans,M,Île-de-France,2023
user_01919,Data,25-29 ans,M,Nouvelle-Aquitaine,2024
user_02888,Data,45-49 ans,M,Grand Est,2024
user_02889,Data,30-34 ans,,Île-de-France,2022
user_02890,Data,40-44 ans,M,Hauts-de-France,2022
user_01978,Data,30-34 ans,M,Hauts-de-France,2023
user_02891,Data,25-29 ans,F,Île-de-France,2023
user_02892,Data,35-39 ans,F,Île-de-France,2025
user_02893,Data,35-39 ans,F,Île-de-France,2025
user_02894,Data,30-34 ans,,Île-de-France,2023
user_02895,Data,35-39 ans,,Île-de-France,2023
user_01866,Data,60 ans ou plus,M,Île-de-France,2024
user_02896,Data,35-39 ans,M,Provence-Alpes-Côte d'Azur,2024
user_02897,Data,25-29 ans,M,Île-de-France,2022
user_02898,Data,30-34 ans,,Île-de-France,2022
user_02899,Data,45-49 ans,F,Nouvelle-Aquitaine,2023
user_01869,Data,45-49 ans,M,Bretagne,2022
user_01875,Data,50-54 ans,M,Île-de-France,2023
user_02900,Data,25-29 ans,M,Île-de-France,2022
user_02901,Data,25-29 ans,,Île-de-France,2023
user_02902,Data,40-44 ans,M,Pays de la Loire,2025
user_02903,Data,40-44 ans,F,Hauts-de-France,2022
user_02904,Data,35-39 ans,F,Centre-Val de Loire,2024
user_02905,Data,50-54 ans,M,DROM,2022
user_00677,Data,30-34 ans,F,Île-de-France,2025
user_02182,Data,30-34 ans,M,Nouvelle-Aquitaine,2022
user_02906,Data,50-54 ans,,Hauts-de-France,2025
user_02907,Data,35-39 ans,F,Île-de-France,2025
user_02908,Data,25-29 ans,,Provence-Alpes-Côte d'Azur,2023
user_02909,Data,30-34 ans,,Grand Est,2024
user_02910,Data,25-29 ans,,Île-de-France,2022
user_00962,Data,50-54 ans,,Nouvelle-Aquitaine,2022
user_02911,Data,35-39 ans,F,Île-de-France,2023
user_02912,Data,20-24 ans,F,Auvergne-Rhône-Alpes,2025
user_02913,Data,30-34 ans,M,Île-de-France,2024
user_02914,Data,25-29 ans,M,Bretagne,2023
user_02915,Data,40-44 ans,,Île-de-France,2023
user_02916,Data,25-29 ans,,Île-de-France,2022
user_02917,Data,40-44 ans,F,Occitanie,2024
user_02918,Data,30-34 ans,F,Île-de-France,2023
user_02919,Data,35-39 ans,M,Normandie,2025
user_02920,Data,40-44 ans,M,Provence-Alpes-Côte d'Azur,2022
user_02921,Data,45-49 ans,M,Grand Est,2022
user_02922,Data,50-54 ans,M,Île-de-France,2022
user_01166,Data,40-44 ans,M,Provence-Alpes-Côte d'Azur,2024
user_02923,Data,40-44 ans,M,Île-de-France,2022
user_02085,Data,35-39 ans,M,Île-de-France,2022
user_02924,Data,25-29 ans,,Provence-Alpes-Côte d'Azur,2023
user_02925,Data,35-39 ans,M,Hauts-de-France,2024
user_02926,Data,35-39 ans,M,Auvergne-Rhône-Alpes,2024
user_02927,Data,25-29 ans,,Île-de-France,2022
user_02928,Data,20-24 ans,M,Île-de-France,2025
user_01117,Data,40-44 ans,M,Île-de-France,2022
user_02929,Data,35-39 ans,M,Île-de-France,2022
user_02930,Data,50-54 ans,,Île-de-France,2022
user_02931,Data,35-39 ans,F,Île-de-France,2023
user_02932,Data,20-24 ans,,Hauts-de-France,2022
user_01252,Data,40-44 ans,F,Île-de-France,2023
user_02933,Data,40-44 ans,,Île-de-France,2022
user_02934,Data,35-39 ans,M,Île-de-France,2022
user_02935,Data,30-34 ans,M,Île-de-France,2022
user_02710,Data,35-39 ans,F,Grand Est,2023
user_02936,Data,30-34 ans,,Île-de-France,2022
user_02937,Data,30-34 ans,F,Provence-Alpes-Côte d'Azur,2024
user_02938,Data,20-24 ans,F,Normandie,2023
user_02939,Data,30-34 ans,M,Île-de-France,2022
user_02940,Data,25-29 ans,M,Île-de-France,2025
user_02941,Data,50-54 ans,M,Île-de-France,2023
user_01602,Data,35-39 ans,M,Centre-Val de Loire,2025
user_02942,Data,55-59 ans,F,Hauts-de-France,2025
user_01267,Data,45-49 ans,M,Île-de-France,2023
user_01652,Data,20-24 ans,F,Île-de-France,2022
user_01070,Data,45-49 ans,,Auvergne-Rhône-Alpes,2023
user_02943,Data,35-39 ans,M,Nouvelle-Aquitaine,2025
user_02944,Data,30-34 ans,F,Bourgogne-Franche-Comté,2023
user_02896,Data,35-39 ans,M,Provence-Alpes-Côte d'Azur,2022
user_02896,Data,35-39 ans,M,Provence-Alpes-Côte d'Azur,2023
user_02945,Data,35-39 ans,M,Île-de-France,2023
user_02946,Data,40-44 ans,,Île-de-France,2022
user_02947,Data,30-34 ans,,Centre-Val de Loire,2024
user_02948,Data,30-34 ans,,Île-de-France,2022
user_02949,Data,55-59 ans,,Île-de-France,2023
user_02950,Data,30-34 ans,,Île-de-France,2023
user_02951,Data,60 ans ou plus,,Île-de-France,2022
user_02952,Data,45-49 ans,M,Île-de-France,2023
user_02953,Data,30-34 ans,M,Bretagne,2025
user_00280,Data,40-44 ans,,Auvergne-Rhône-Alpes,2025
user_02954,Data,30-34 ans,,Île-de-France,2024
user_02955,Data,20-24 ans,M,Île-de-France,2025
user_02956,Data,30-34 ans,M,Île-de-France,2022
user_02957,Data,25-29 ans,F,Île-de-France,2025
user_01684,Data,40-44 ans,,Île-de-France,2023
user_02958,Data,30-34 ans,,Île-de-France,2022
user_02959,Data,20-24 ans,M,Île-de-France,2025
user_02960,Data,45-49 ans,M,Île-de-France,2022
user_02961,Data,45-49 ans,,Hauts-de-France,2022
user_02962,Data,30-34 ans,F,Île-de-France,2023
user_02963,Data,25-29 ans,M,Île-de-France,2023
user_02964,Data,55-59 ans,M,Provence-Alpes-Côte d'Azur,2024
user_02965,Data,30-34 ans,,Provence-Alpes-Côte d'Azur,2023
user_02006,Data,30-34 ans,M,Île-de-France,2023
user_02966,Data,40-44 ans,M,Auvergne-Rhône-Alpes,2025
user_02967,Data,45-49 ans,M,Nouvelle-Aquitaine,2024
user_02968,Data,20-24 ans,M,Provence-Alpes-Côte d'Azur,2023
user_02736,Data,50-54 ans,F,Hauts-de-France,2022
user_02969,Data,35-39 ans,F,Hauts-de-France,2025
user_02179,Data,30-34 ans,M,Occitanie,2023
user_02970,Data,45-49 ans,M,Île-de-France,2023
user_00553,Data,40-44 ans,F,Île-de-France,2023
user_02971,Data,30-34 ans,F,Île-de-France,2023
user_01631,Data,30-34 ans,M,Auvergne-Rhône-Alpes,2024
user_02136,Data,25-29 ans,M,Hauts-de-France,2025
user_02972,Data,50-54 ans,F,Auvergne-Rhône-Alpes,2022
user_02973,Data,25-29 ans,,Île-de-France,2023
user_02135,Data,30-34 ans,M,Île-de-France,2024
user_02974,Data,30-34 ans,M,Île-de-France,2024
user_02975,Data,45-49 ans,M,Île-de-France,2024
user_02976,Data,30-34 ans,M,Hauts-de-France,2025
user_02977,Data,25-29 ans,M,DROM,2025
user_02978,Data,35-39 ans,F,Île-de-France,2022
user_02979,Data,25-29 ans,,Grand Est,2023
user_02980,Data,30-34 ans,M,Provence-Alpes-Côte d'Azur,2024
user_02981,Data,35-39 ans,F,Île-de-France,2023
user_02982,Data,25-29 ans,,Hauts-de-France,2022
user_02983,Data,20-24 ans,M,Hauts-de-France,2024
user_02984,Data,40-44 ans,F,Île-de-France,2025
user_02985,Data,35-39 ans,M,Bretagne,2025
user_02986,Data,40-44 ans,,Auvergne-Rhône-Alpes,2024
user_02987,Data,40-44 ans,M,Hauts-de-France,2024
user_02988,Data,35-39 ans,M,Hauts-de-France,2025
user_02989,Data,25-29 ans,F,Île-de-France,2025
user_02990,Data,40-44 ans,M,Auvergne-Rhône-Alpes,2024
user_02991,Data,35-39 ans,F,Île-de-France,2023
user_02992,Data,45-49 ans,F,Île-de-France,2024
user_02993,Data,35-39 ans,M,Île-de-France,2024
user_02994,Data,35-39 ans,F,Île-de-France,2024
user_02995,Data,40-44 ans,M,Pays de la Loire,2024
user_02996,Data,25-29 ans,M,Pays de la Loire,2025
user_02997,Data,40-44 ans,F,Île-de-France,2025
user_02998,Data,25-29 ans,,Provence-Alpes-Côte d'Azur,2022
user_02999,Data,50-54 ans,,Hauts-de-France,2022
user_00799,Data,35-39 ans,,Île-de-France,2024
user_03000,Data,25-29 ans,M,Île-de-France,2023
user_03001,Data,20-24 ans,F,Grand Est,2024
user_03002,Data,30-34 ans,,Bretagne,2022
user_03003,Data,30-34 ans,M,Hauts-de-France,2024
user_03004,Data,25-29 ans,F,Pays de la Loire,2025
user_03005,Data,40-44 ans,F,Île-de-France,2022
user_03006,Data,35-39 ans,M,Occitanie,2025
user_03007,Data,25-29 ans,F,Île-de-France,2025
user_03008,Data,20-24 ans,,Hauts-de-France,2023
user_00510,Data,35-39 ans,,Île-de-France,2025
user_03009,Data,45-49 ans,F,Bretagne,2025
user_02228,Data,35-39 ans,M,Île-de-France,2024
user_03010,Data,30-34 ans,,Auvergne-Rhône-Alpes,2022
user_03011,Data,35-39 ans,M,Provence-Alpes-Côte d'Azur,2024
user_01744,Data,25-29 ans,M,Provence-Alpes-Côte d'Azur,2022
user_03012,Data,30-34 ans,F,Occitanie,2023
user_03013,Data,30-34 ans,M,Grand Est,2022
user_03014,Data,50-54 ans,,Auvergne-Rhône-Alpes,2022
user_02609,Data,35-39 ans,M,Île-de-France,2025
user_03015,Data,40-44 ans,,Île-de-France,2023
user_01097,Data,55-59 ans,,Île-de-France,2023
user_03016,Data,45-49 ans,,Hauts-de-France,2024
user_02905,Data,50-54 ans,M,DROM,2023
user_02967,Data,45-49 ans,M,Nouvelle-Aquitaine,2022
user_03017,Data,45-49 ans,M,Île-de-France,2022
user_01225,Data,35-39 ans,M,Auvergne-Rhône-Alpes,2023
user_03018,Data,25-29 ans,M,Île-de-France,2024
user_03019,Data,50-54 ans,,Île-de-France,2024
user_03020,Data,25-29 ans,F,Île-de-France,2024
user_03021,Data,30-34 ans,,Grand Est,2023
user_02436,Data,30-34 ans,M,Nouvelle-Aquitaine,2024
user_03022,Data,45-49 ans,M,Île-de-France,2022
user_03023,Data,20-24 ans,M,Île-de-France,2024
user_00251,Data,30-34 ans,,Île-de-France,2023
user_03024,Data,40-44 ans,M,Bretagne,2025
user_03025,Data,40-44 ans,M,Île-de-France,2025
user_03026,Data,30-34 ans,M,Île-de-France,2023
user_00113,Data,30-34 ans,F,Île-de-France,2023
user_01630,Data,30-34 ans,M,Provence-Alpes-Côte d'Azur,2025
user_03027,Data,35-39 ans,M,Île-de-France,2023
user_03028,Data,40-44 ans,M,Île-de-France,2024
user_03029,Data,25-29 ans,M,Île-de-France,2024
user_03030,Data,40-44 ans,M,Auvergne-Rhône-Alpes,2022
user_03031,Data,30-34 ans,,Centre-Val de Loire,2022
user_03032,Data,25-29 ans,M,Île-de-France,2025
user_03033,Data,50-54 ans,F,Hauts-de-France,2023
user_03034,Data,30-34 ans,F,Bourgogne-Franche-Comté,2023
user_03035,Data,30-34 ans,F,Île-de-France,2023
user_03036,Data,45-49 ans,M,Nouvelle-Aquitaine,2023
user_00061,Data,35-39 ans,,Île-de-France,2024
user_03037,Data,30-34 ans,M,Provence-Alpes-Côte d'Azur,2022
user_03038,Data,25-29 ans,M,Île-de-France,2025
user_03039,Data,30-34 ans,,Auvergne-Rhône-Alpes,2022
user_03040,Data,35-39 ans,F,Occitanie,2022
user_03041,Data,30-34 ans,,Île-de-France,2022
user_03042,Data,25-29 ans,M,Île-de-France,2023
user_03043,Data,35-39 ans,,Provence-Alpes-Côte d'Azur,2022
user_01324,Data,30-34 ans,,Île-de-France,2023
user_03044,Data,45-49 ans,F,Île-de-France,2022
user_03045,Data,55-59 ans,,Île-de-France,2023
user_03046,Data,40-44 ans,,Île-de-France,2022
user_03047,Data,40-44 ans,,Île-de-France,2022
user_03048,Data,30-34 ans,F,Île-de-France,2025
user_03049,Data,35-39 ans,M,Île-de-France,2022
user_03050,Data,40-44 ans,M,Île-de-France,2022
user_03051,Data,25-29 ans,,Hauts-de-France,2024
user_03052,Data,35-39 ans,M,Île-de-France,2022
user_01076,Data,30-34 ans,F,Île-de-France,2022
user_03053,Data,45-49 ans,,Auvergne-Rhône-Alpes,2022
user_03054,Data,40-44 ans,M,Occitanie,2024
user_03055,Data,35-39 ans,M,Occitanie,2022
user_03056,Data,45-49 ans,F,Centre-Val de Loire,2025
user_03057,Data,40-44 ans,,Île-de-France,2023
user_01547,Data,30-34 ans,M,Île-de-France,2024
user_00089,Data,35-39 ans,M,Île-de-France,2022
user_03058,Data,45-49 ans,,Île-de-France,2022
user_03059,Data,25-29 ans,,Île-de-France,2022
user_03060,Data,30-34 ans,M,Provence-Alpes-Côte d'Azur,2022
user_03061,Data,30-34 ans,M,Nouvelle-Aquitaine,2022
user_03062,Data,45-49 ans,,Île-de-France,2022
user_03063,Data,50-54 ans,M,Île-de-France,2022
user_03064,Data,35-39 ans,M,Île-de-France,2025
user_03065,Data,30-34 ans,M,Île-de-France,2023
user_03066,Data,35-39 ans,,Centre-Val de Loire,2022
user_03067,Data,30-34 ans,M,Île-de-France,2022
user_03068,Data,25-29 ans,M,Occitanie,2024
user_03069,Data,35-39 ans,M,Auvergne-Rhône-Alpes,2022
user_01766,Data,30-34 ans,F,Occitanie,2025
user_03070,Data,40-44 ans,M,Île-de-France,2023
user_01147,Data,40-44 ans,M,Occitanie,2022
user_03021,Data,30-34 ans,,Grand Est,2022
user_03071,Data,60 ans ou plus,,Île-de-France,2022
user_03072,Data,25-29 ans,,Île-de-France,2022
user_03073,Data,25-29 ans,F,Provence-Alpes-Côte d'Azur,2025
user_03074,Data,30-34 ans,M,Île-de-France,2023
user_03075,Data,40-44 ans,F,Île-de-France,2025
user_00759,Data,25-29 ans,,Occitanie,2022
user_03076,Data,25-29 ans,,Île-de-France,2022
user_03077,Data,35-39 ans,M,Île-de-France,2025
user_01161,Data,50-54 ans,F,Île-de-France,2025
user_03078,Data,30-34 ans,F,Île-de-France,2025
user_03079,Data,40-44 ans,M,Bretagne,2024
user_02691,Data,25-29 ans,,Île-de-France,2023
user_03080,Data,35-39 ans,,Île-de-France,2025
user_03081,Data,30-34 ans,,Île-de-France,2023
user_03082,Data,25-29 ans,M,Occitanie,2024
user_03083,Data,20-24 ans,M,Occitanie,2025
user_03084,Data,25-29 ans,F,Hauts-de-France,2025
user_03085,Data,25-29 ans,M,Normandie,2022
user_03086,Data,25-29 ans,,Île-de-France,2023
user_03087,Data,25-29 ans,F,Île-de-France,2025
user_00197,Data,25-29 ans,M,Île-de-France,2023
user_03088,Data,35-39 ans,F,Provence-Alpes-Côte d'Azur,2024
user_00267,Data,45-49 ans,,Île-de-France,2022
user_03089,Data,40-44 ans,F,Nouvelle-Aquitaine,2025
user_03090,Data,20-24 ans,M,Hauts-de-France,2024
user_03091,Data,30-34 ans,,Île-de-France,2023
user_03092,Data,35-39 ans,,Grand Est,2022
user_03093,Data,30-34 ans,M,Île-de-France,2025
user_03094,Data,25-29 ans,F,Occitanie,2025
user_03095,Data,35-39 ans,M,Île-de-France,2023
user_03096,Data,35-39 ans,F,Île-de-France,2025
user_03097,Data,55-59 ans,M,Île-de-France,2025
user_03098,Data,35-39 ans,,Bourgogne-Franche-Comté,2022
user_03099,Data,25-29 ans,M,Île-de-France,2024
user_03100,Data,30-34 ans,,Provence-Alpes-Côte d'Azur,2022
user_03101,Data,50-54 ans,F,Pays de la Loire,2024
user_03102,Data,40-44 ans,M,Île-de-France,2023
user_01981,Data,25-29 ans,M,Grand Est,2025
user_03103,Data,40-44 ans,,Hauts-de-France,2022
user_03104,Data,35-39 ans,,Occitanie,2022
user_03105,Data,40-44 ans,F,Grand Est,2022
user_03106,Data,35-39 ans,M,Occitanie,2025
user_03107,Data,30-34 ans,F,Nouvelle-Aquitaine,2025
user_03108,Data,25-29 ans,,Île-de-France,2022
user_03109,Data,35-39 ans,M,Provence-Alpes-Côte d'Azur,2024
user_03110,Data,55-59 ans,M,Hauts-de-France,2024
user_03111,Data,35-39 ans,F,Île-de-France,2022
user_03112,Data,45-49 ans,F,Île-de-France,2024
user_03113,Data,25-29 ans,,Auvergne-Rhône-Alpes,2023
user_00035,Data,40-44 ans,M,Île-de-France,2022
user_03114,Data,40-44 ans,M,Île-de-France,2023
user_03115,Data,30-34 ans,M,DROM,2024
user_03116,Data,45-49 ans,F,Grand Est,2022
user_03013,Data,30-34 ans,M,Grand Est,2023
user_03117,Data,40-44 ans,M,Nouvelle-Aquitaine,2024
user_03118,Data,35-39 ans,F,Hauts-de-France,2022
user_03119,Data,20-24 ans,M,Grand Est,2022
user_03120,Data,30-34 ans,F,Auvergne-Rhône-Alpes,2022
user_00574,Data,25-29 ans,M,Auvergne-Rhône-Alpes,2025
user_03121,Data,35-39 ans,M,Bretagne,2025
user_03122,Data,35-39 ans,M,Hauts-de-France,2022
user_03123,Data,40-44 ans,F,Grand Est,2025
user_03124,Data,30-34 ans,M,Île-de-France,2024
user_00524,Data,30-34 ans,,Nouvelle-Aquitaine,2023
user_03125,Data,50-54 ans,,Île-de-France,2023
user_03126,Data,35-39 ans,M,Normandie,2022
user_03127,Data,25-29 ans,M,Auvergne-Rhône-Alpes,2025
user_03128,Data,50-54 ans,M,Pays de la Loire,2022
user_03129,Data,35-39 ans,M,Île-de-France,2025
user_03130,Data,25-29 ans,M,Île-de-France,2022
user_03131,Data,25-29 ans,F,Île-de-France,2024
user_00872,Data,25-29 ans,M,Île-de-France,2024
user_03132,Data,40-44 ans,F,Île-de-France,2022
user_03133,Data,25-29 ans,M,Île-de-France,2022
user_03134,Data,25-29 ans,F,Île-de-France,2023
user_03135,Data,20-24 ans,M,Occitanie,2024
user_03136,Data,40-44 ans,M,Normandie,2022
user_03137,Data,30-34 ans,F,Île-de-France,2022
user_03138,Data,25-29 ans,M,Bretagne,2025
user_03139,Data,35-39 ans,F,Île-de-France,2025
user_03140,Data,30-34 ans,M,Occitanie,2022
user_01942,Data,35-39 ans,,Île-de-France,2022
user_03141,Data,40-44 ans,M,Nouvelle-Aquitaine,2022
user_03142,Data,25-29 ans,,Île-de-France,2022
user_03143,Data,40-44 ans,M,Île-de-France,2022
user_03144,Data,25-29 ans,M,Nouvelle-Aquitaine,2022
user_03145,Data,40-44 ans,M,Bretagne,2023
user_03146,Data,35-39 ans,M,Auvergne-Rhône-Alpes,2024
user_02443,Data,30-34 ans,F,Île-de-France,2023
user_01154,Data,40-44 ans,M,Île-de-France,2023
user_03147,Data,30-34 ans,M,Hauts-de-France,2022
user_03148,Data,25-29 ans,M,Auvergne-Rhône-Alpes,2022
user_03149,Data,40-44 ans,F,Nouvelle-Aquitaine,2022
user_00759,Data,25-29 ans,,Occitanie,2024
user_03150,Data,30-34 ans,M,Île-de-France,2025
user_03151,Data,35-39 ans,,Centre-Val de Loire,2022
user_03152,Data,30-34 ans,,Île-de-France,2022
user_02816,Data,45-49 ans,M,Île-de-France,2024
user_03153,Data,35-39 ans,,Île-de-France,2022
user_03154,Data,30-34 ans,M,Île-de-France,2022
user_03155,Data,25-29 ans,F,Île-de-France,2024
user_03156,Data,55-59 ans,F,Nouvelle-Aquitaine,2022
user_03157,Data,35-39 ans,F,Provence-Alpes-Côte d'Azur,2025
user_03158,Data,30-34 ans,F,Île-de-France,2024
user_03159,Data,35-39 ans,M,Pays de la Loire,2022
user_03160,Data,25-29 ans,,Île-de-France,2022
user_03161,Data,20-24 ans,M,Occitanie,2022
user_03162,Data,50-54 ans,M,Île-de-France,2022
user_03163,Data,55-59 ans,F,Hauts-de-France,2025
user_03164,Data,25-29 ans,,Auvergne-Rhône-Alpes,2023
user_03165,Data,30-34 ans,M,Île-de-France,2025
user_03166,Data,40-44 ans,F,Île-de-France,2025
user_01128,Data,55-59 ans,M,Bretagne,2024
user_03167,Data,25-29 ans,,Île-de-France,2022
user_00459,Data,30-34 ans,M,Nouvelle-Aquitaine,2022
user_03168,Data,30-34 ans,F,Nouvelle-Aquitaine,2022
user_03169,Data,35-39 ans,M,Île-de-France,2022
user_03170,Data,40-44 ans,F,DROM,2022
user_03171,Data,30-34 ans,M,Auvergne-Rhône-Alpes,2022
user_01560,Data,40-44 ans,M,Grand Est,2022
user_00739,Data,35-39 ans,,Normandie,2025
user_03172,Data,25-29 ans,M,Île-de-France,2025
user_03173,Data,30-34 ans,F,Bretagne,2023
user_03174,Data,40-44 ans,M,Centre-Val de Loire,2024
user_03175,Data,25-29 ans,F,Grand Est,2024
user_02795,Data,50-54 ans,M,Île-de-France,2025
user_03176,Data,40-44 ans,,Auvergne-Rhône-Alpes,2022
user_02120,Data,40-44 ans,M,Auvergne-Rhône-Alpes,2022
user_03177,Data,45-49 ans,M,Bourgogne-Franche-Comté,2023
user_03178,Data,25-29 ans,,Pays de la Loire,2024
user_02934,Data,35-39 ans,M,Île-de-France,2023
user_03179,Data,30-34 ans,F,Île-de-France,2023
user_03180,Data,30-34 ans,,Hauts-de-France,2023
user_00228,Data,30-34 ans,F,Île-de-France,2022
user_03181,Data,40-44 ans,M,Auvergne-Rhône-Alpes,2025
user_03182,Data,40-44 ans,,Île-de-France,2022
user_01920,Data,30-34 ans,M,Occitanie,2024
user_03183,Data,55-59 ans,F,Occitanie,2022
user_03184,Data,30-34 ans,F,Île-de-France,2023
user_03185,Data,30-34 ans,,Île-de-France,2022
user_03186,Data,25-29 ans,F,Hauts-de-France,2023
user_03187,Data,20-24 ans,M,Auvergne-Rhône-Alpes,2025
user_03188,Data,40-44 ans,,Île-de-France,2023
user_03189,Data,25-29 ans,M,Île-de-France,2023
user_02490,Data,45-49 ans,F,Île-de-France,2022
user_03190,Data,45-49 ans,F,Île-de-France,2022
user_03191,Data,35-39 ans,M,Provence-Alpes-Côte d'Azur,2022
user_03192,Data,30-34 ans,M,Île-de-France,2024
user_03193,Data,35-39 ans,,Pays de la Loire,2022
user_03194,Data,30-34 ans,F,Île-de-France,2023
user_03195,Data,35-39 ans,M,Île-de-France,2023
user_03196,Data,35-39 ans,,Auvergne-Rhône-Alpes,2022
user_03197,Data,25-29 ans,F,Bretagne,2024
user_01951,Data,30-34 ans,M,Île-de-France,2023
user_03198,Data,35-39 ans,,Île-de-France,2022
user_03199,Data,45-49 ans,F,Île-de-France,2023
user_03200,Data,30-34 ans,M,Île-de-France,2023
user_03201,Data,50-54 ans,F,Grand Est,2024
user_03202,Data,35-39 ans,,Hauts-de-France,2022
user_03203,Data,30-34 ans,,Nouvelle-Aquitaine,2023
user_01153,Data,35-39 ans,,Île-de-France,2024
user_03204,Data,30-34 ans,M,Île-de-France,2023
user_03205,Data,35-39 ans,M,Provence-Alpes-Côte d'Azur,2024
user_03206,Data,30-34 ans,,Île-de-France,2022
user_03207,Data,25-29 ans,M,Provence-Alpes-Côte d'Azur,2025
user_03208,Data,30-34 ans,F,Île-de-France,2024
user_03209,Data,25-29 ans,M,Bourgogne-Franche-Comté,2024
user_03210,Data,35-39 ans,,Île-de-France,2023
user_03211,Data,25-29 ans,M,Bretagne,2025
user_03212,Data,25-29 ans,,Île-de-France,2023
user_03212,Data,25-29 ans,,Île-de-France,2025
user_03213,Data,40-44 ans,M,Île-de-France,2022
user_03214,Data,30-34 ans,,Provence-Alpes-Côte d'Azur,2022
user_01115,Data,45-49 ans,,Grand Est,2025
user_03215,Data,25-29 ans,M,Auvergne-Rhône-Alpes,2025
user_03216,Data,30-34 ans,,Île-de-France,2022
user_03217,Data,25-29 ans,,Nouvelle-Aquitaine,2022
user_01718,Data,30-34 ans,M,Nouvelle-Aquitaine,2024
user_03218,Data,40-44 ans,,Hauts-de-France,2022
user_03219,Data,20-24 ans,M,Grand Est,2025
user_03220,Data,35-39 ans,M,Île-de-France,2023
user_03221,Data,20-24 ans,M,Grand Est,2025
user_01539,Data,25-29 ans,,Provence-Alpes-Côte d'Azur,2025
user_02940,Data,25-29 ans,M,Île-de-France,2023
user_03222,Data,30-34 ans,M,Auvergne-Rhône-Alpes,2025
user_03223,Data,40-44 ans,F,Île-de-France,2023
user_01474,Data,20-24 ans,M,Bretagne,2022
user_01548,Data,35-39 ans,F,Île-de-France,2024
user_03224,Data,25-29 ans,M,Nouvelle-Aquitaine,2023
user_03225,Data,45-49 ans,F,Île-de-France,2022
user_03226,Data,40-44 ans,F,Hauts-de-France,2022
user_03227,Data,35-39 ans,,Île-de-France,2023
user_01006,Data,25-29 ans,M,Île-de-France,2025
user_03228,Data,30-34 ans,,Auvergne-Rhône-Alpes,2022
user_02598,Data,40-44 ans,M,Auvergne-Rhône-Alpes,2025
user_02599,Data,35-39 ans,,Normandie,2023
user_03229,Data,25-29 ans,F,Île-de-France,2025
user_03230,Data,35-39 ans,,Île-de-France,2022
user_03231,Data,30-34 ans,,Occitanie,2023
user_03232,Data,35-39 ans,M,Grand Est,2024
user_03233,Data,30-34 ans,M,Île-de-France,2023
user_03234,Data,25-29 ans,M,Bretagne,2024
user_03235,Data,20-24 ans,M,Normandie,2024
user_03236,Data,25-29 ans,,Bretagne,2023
user_03237,Data,20-24 ans,F,Auvergne-Rhône-Alpes,2025
user_03238,Data,25-29 ans,F,Hauts-de-France,2023
user_03239,Data,35-39 ans,M,Île-de-France,2022
user_03240,Data,30-34 ans,M,Auvergne-Rhône-Alpes,2022
user_01656,Data,30-34 ans,M,Île-de-France,2025
user_00448,Data,30-34 ans,M,Nouvelle-Aquitaine,2025
user_03241,Data,30-34 ans,M,Hauts-de-France,2022
user_03242,Data,55-59 ans,M,Hauts-de-France,2024
user_02271,Data,40-44 ans,,Nouvelle-Aquitaine,2023
user_03243,Data,25-29 ans,,Île-de-France,2022
user_03244,Data,35-39 ans,M,Auvergne-Rhône-Alpes,2022
user_02830,Data,45-49 ans,M,Pays de la Loire,2023
user_03245,Data,35-39 ans,F,Bretagne,2022
user_02804,Data,55-59 ans,,Île-de-France,2022
user_03246,Data,40-44 ans,M,Île-de-France,2022
user_03247,Data,30-34 ans,M,Bretagne,2022
user_03248,Data,25-29 ans,,Centre-Val de Loire,2023
user_01099,Data,20-24 ans,M,Île-de-France,2025
user_01946,Data,50-54 ans,,Île-de-France,2023
user_03249,Data,30-34 ans,F,Auvergne-Rhône-Alpes,2023
user_03250,Data,40-44 ans,F,Provence-Alpes-Côte d'Azur,2025
user_03251,Data,25-29 ans,M,Bretagne,2025
user_00748,Data,25-29 ans,,Nouvelle-Aquitaine,2022
user_03252,Data,30-34 ans,,Île-de-France,2022
user_03253,Data,50-54 ans,F,Provence-Alpes-Côte d'Azur,2025
user_03254,Data,40-44 ans,M,Grand Est,2022
user_03255,Data,30-34 ans,M,Grand Est,2023
user_03256,Data,35-39 ans,F,Hauts-de-France,2022
user_03257,Data,30-34 ans,,Occitanie,2023
user_03258,Data,45-49 ans,,Île-de-France,2022
user_03259,Data,45-49 ans,M,Hauts-de-France,2022
user_01522,Data,55-59 ans,F,Occitanie,2023
user_01438,Data,35-39 ans,M,Auvergne-Rhône-Alpes,2022
user_03260,Data,35-39 ans,M,Auvergne-Rhône-Alpes,2022
user_03261,Data,40-44 ans,M,Hauts-de-France,2022
user_02979,Data,25-29 ans,,Grand Est,2022
user_02699,Data,40-44 ans,M,Grand Est,2022
user_03262,Data,35-39 ans,M,Auvergne-Rhône-Alpes,2022
user_03263,Data,45-49 ans,M,Centre-Val de Loire,2025
user_00711,Data,40-44 ans,F,Île-de-France,2022
user_03264,Data,35-39 ans,M,Île-de-France,2024
user_03265,Data,25-29 ans,M,Auvergne-Rhône-Alpes,2022
user_03266,Data,25-29 ans,M,Grand Est,2024
user_03267,Data,25-29 ans,,Île-de-France,2022
user_03268,Data,30-34 ans,,Île-de-France,2023
user_03269,Data,30-34 ans,F,Île-de-France,2025
user_02940,Data,25-29 ans,M,Île-de-France,2024
user_03270,Data,25-29 ans,F,Île-de-France,2025
user_03271,Data,35-39 ans,M,Île-de-France,2025
user_03272,Data,35-39 ans,M,Provence-Alpes-Côte d'Azur,2025
user_03273,Data,25-29 ans,M,Île-de-France,2025
user_03274,Data,30-34 ans,M,Provence-Alpes-Côte d'Azur,2025
user_03275,Data,35-39 ans,M,Centre-Val de Loire,2023
user_03276,Data,30-34 ans,F,Auvergne-Rhône-Alpes,2022
user_03277,Data,45-49 ans,F,Île-de-France,2024
user_03278,Data,45-49 ans,,Île-de-France,2023
user_03279,Data,35-39 ans,M,Île-de-France,2022
user_02656,Data,40-44 ans,M,Île-de-France,2024
user_03280,Data,30-34 ans,,Île-de-France,2023
user_03281,Data,40-44 ans,F,Normandie,2023
user_03282,Data,55-59 ans,M,Hauts-de-France,2024
user_03283,Data,25-29 ans,,Île-de-France,2023
user_00502,Data,30-34 ans,F,Nouvelle-Aquitaine,2023
user_02118,Data,30-34 ans,,Île-de-France,2025
user_03284,Data,40-44 ans,F,Occitanie,2025
user_03285,Data,25-29 ans,M,Île-de-France,2024
user_02335,Data,35-39 ans,M,Île-de-France,2024
user_03286,Data,35-39 ans,,Île-de-France,2022
user_03287,Data,55-59 ans,M,Provence-Alpes-Côte d'Azur,2023
user_03288,Data,30-34 ans,M,Auvergne-Rhône-Alpes,2024
user_03289,Data,30-34 ans,F,Île-de-France,2024
user_03290,Data,55-59 ans,M,Île-de-France,2022
user_03291,Data,30-34 ans,F,Bourgogne-Franche-Comté,2025
user_00734,Data,55-59 ans,F,Normandie,2022
user_03292,Data,45-49 ans,M,Auvergne-Rhône-Alpes,2024
user_03293,Data,30-34 ans,,Île-de-France,2022
user_03294,Data,35-39 ans,M,Occitanie,2022
user_03295,Data,25-29 ans,M,Pays de la Loire,2022
user_03296,Data,35-39 ans,M,Nouvelle-Aquitaine,2022
user_03297,Data,30-34 ans,,Auvergne-Rhône-Alpes,2022
user_03298,Data,30-34 ans,M,Île-de-France,2022
user_02906,Data,50-54 ans,,Hauts-de-France,2023
user_03299,Data,35-39 ans,,Auvergne-Rhône-Alpes,2022
user_03300,Data,35-39 ans,M,Pays de la Loire,2022
user_03301,Data,35-39 ans,M,Île-de-France,2023
user_02747,Data,40-44 ans,F,Nouvelle-Aquitaine,2023
user_03302,Data,60 ans ou plus,M,Grand Est,2022
user_00691,Data,20-24 ans,M,Île-de-France,2023
user_01572,Data,25-29 ans,,Bretagne,2024
user_03303,Data,35-39 ans,F,Île-de-France,2025
user_00274,Data,40-44 ans,F,Hauts-de-France,2023
user_02318,Data,25-29 ans,M,Île-de-France,2025
user_00207,Data,40-44 ans,M,Nouvelle-Aquitaine,2022
user_03304,Data,55-59 ans,M,Île-de-France,2022
user_03305,Data,50-54 ans,F,Nouvelle-Aquitaine,2023
user_03306,Data,30-34 ans,,Provence-Alpes-Côte d'Azur,2023
user_01524,Data,30-34 ans,F,Île-de-France,2024
user_02324,Data,30-34 ans,,Occitanie,2023
user_03307,Data,35-39 ans,M,Provence-Alpes-Côte d'Azur,2024
user_03308,Data,30-34 ans,F,Centre-Val de Loire,2025
user_03309,Data,25-29 ans,M,Provence-Alpes-Côte d'Azur,2025
user_03310,Data,25-29 ans,,Île-de-France,2025
user_03311,Data,35-39 ans,M,Provence-Alpes-Côte d'Azur,2025
user_02045,Data,35-39 ans,M,Île-de-France,2023
user_03312,Data,25-29 ans,F,Île-de-France,2025
user_03313,Data,35-39 ans,F,Auvergne-Rhône-Alpes,2023
user_03314,Data,30-34 ans,F,Île-de-France,2024
user_01406,Data,35-39 ans,M,Île-de-France,2022
user_03315,Data,35-39 ans,F,Île-de-France,2025
user_00312,Data,35-39 ans,M,Île-de-France,2022
user_01737,Data,30-34 ans,M,Île-de-France,2022
user_03112,Data,45-49 ans,F,Île-de-France,2022
user_00569,Data,30-34 ans,F,Île-de-France,2025
user_03316,Data,35-39 ans,M,Grand Est,2023
user_03317,Data,35-39 ans,,Île-de-France,2023
user_03318,Data,60 ans ou plus,M,Île-de-France,2022
user_03319,Data,30-34 ans,,Île-de-France,2023
user_01820,Data,30-34 ans,M,Île-de-France,2024
user_03320,Data,35-39 ans,,Pays de la Loire,2022
user_03321,Data,30-34 ans,F,Île-de-France,2023
user_03322,Data,35-39 ans,M,DROM,2025
user_00522,Data,25-29 ans,M,Occitanie,2025
user_03323,Data,30-34 ans,,Auvergne-Rhône-Alpes,2023
user_03324,Data,25-29 ans,M,Pays de la Loire,2023
user_03325,Data,30-34 ans,,Centre-Val de Loire,2023
user_03326,Data,60 ans ou plus,M,Hauts-de-France,2022
user_03327,Data,50-54 ans,M,Grand Est,2025
user_00735,Data,35-39 ans,F,Île-de-France,2022
user_03328,Data,25-29 ans,M,Île-de-France,2024
user_03329,Data,35-39 ans,F,Île-de-France,2022
user_03330,Data,40-44 ans,,Île-de-France,2022
user_00543,Data,30-34 ans,M,Île-de-France,2022
user_03331,Data,20-24 ans,M,Île-de-France,2025
user_03332,Data,35-39 ans,,Provence-Alpes-Côte d'Azur,2025
user_03333,Data,60 ans ou plus,M,Île-de-France,2025
user_03145,Data,40-44 ans,M,Bretagne,2022
user_03334,Data,40-44 ans,,Grand Est,2022
user_03335,Data,55-59 ans,F,Île-de-France,2022
user_02444,Data,30-34 ans,F,Île-de-France,2023
user_03336,Data,25-29 ans,M,Bourgogne-Franche-Comté,2024
user_03337,Data,45-49 ans,F,Nouvelle-Aquitaine,2023
user_03338,Data,25-29 ans,F,Île-de-France,2024
user_03339,Data,30-34 ans,F,Hauts-de-France,2025
user_03340,Data,40-44 ans,M,Île-de-France,2022
user_03341,Data,25-29 ans,M,Île-de-France,2023
user_03342,Data,30-34 ans,,Île-de-France,2023
user_03343,Data,25-29 ans,F,Île-de-France,2023
user_03344,Data,40-44 ans,M,Auvergne-Rhône-Alpes,2024
user_03345,Data,55-59 ans,,Grand Est,2023
user_03346,Data,30-34 ans,M,Nouvelle-Aquitaine,2023
user_03347,Data,30-34 ans,F,Île-de-France,2025
user_00070,Data,25-29 ans,M,Centre-Val de Loire,2024
user_03348,Data,30-34 ans,,Île-de-France,2022
user_03349,Data,25-29 ans,M,Île-de-France,2022
user_03350,Data,50-54 ans,M,Hauts-de-France,2024
user_03351,Data,30-34 ans,M,Île-de-France,2022
user_03307,Data,35-39 ans,M,Provence-Alpes-Côte d'Azur,2022
user_03352,Data,25-29 ans,,Île-de-France,2023
user_03353,Data,55-59 ans,,Grand Est,2022
user_03354,Data,30-34 ans,M,Provence-Alpes-Côte d'Azur,2025
user_03355,Data,30-34 ans,F,Île-de-France,2024
user_03356,Data,40-44 ans,,Provence-Alpes-Côte d'Azur,2022
user_01344,Data,25-29 ans,M,Île-de-France,2025
user_03357,Data,30-34 ans,,Hauts-de-France,2025
user_03358,Data,25-29 ans,F,Île-de-France,2024
user_03273,Data,25-29 ans,M,Île-de-France,2023
user_03359,Data,20-24 ans,M,Île-de-France,2025
user_03360,Data,30-34 ans,F,Provence-Alpes-Côte d'Azur,2025
user_03361,Data,25-29 ans,M,Occitanie,2022
user_03362,Data,30-34 ans,M,Hauts-de-France,2022
user_00665,Data,30-34 ans,M,Île-de-France,2022
user_03363,Data,25-29 ans,M,Île-de-France,2023
user_03364,Data,20-24 ans,M,Nouvelle-Aquitaine,2025
user_03365,Data,40-44 ans,M,Île-de-France,2022
user_03366,Data,25-29 ans,F,Auvergne-Rhône-Alpes,2024
user_03367,Data,35-39 ans,F,Île-de-France,2025
user_03368,Data,25-29 ans,M,Auvergne-Rhône-Alpes,2022
user_03369,Data,50-54 ans,,Île-de-France,2023
user_03370,Data,40-44 ans,,Île-de-France,2023
user_03371,Data,40-44 ans,M,DROM,2024
user_03372,Data,20-24 ans,,Auvergne-Rhône-Alpes,2024
user_03373,Data,45-49 ans,M,Île-de-France,2025
user_03374,Data,35-39 ans,M,Provence-Alpes-Côte d'Azur,2023
user_02058,Data,30-34 ans,,Pays de la Loire,2023
user_03375,Data,40-44 ans,F,Hauts-de-France,2025
user_03376,Data,20-24 ans,M,Île-de-France,2023
user_03377,Data,40-44 ans,M,Bretagne,2022
user_02770,Data,25-29 ans,F,Île-de-France,2023
user_03378,Data,35-39 ans,M,Centre-Val de Loire,2022
user_02776,Data,35-39 ans,,Pays de la Loire,2024
user_03379,Data,35-39 ans,M,Île-de-France,2023
user_00585,Data,55-59 ans,M,Occitanie,2025
user_03288,Data,30-34 ans,M,Auvergne-Rhône-Alpes,2025
user_03380,Data,60 ans ou plus,,Nouvelle-Aquitaine,2025
user_02591,Data,50-54 ans,,Île-de-France,2022
user_00593,Data,45-49 ans,M,Île-de-France,2025
user_03381,Data,25-29 ans,M,Île-de-France,2025
user_03382,Data,40-44 ans,M,Normandie,2024
user_01693,Data,40-44 ans,,Hauts-de-France,2023
user_03383,Data,25-29 ans,F,Île-de-France,2024
user_03384,Data,30-34 ans,,Normandie,2022
user_03385,Data,35-39 ans,,Bourgogne-Franche-Comté,2022
user_03386,Data,35-39 ans,F,Île-de-France,2022
user_03387,Data,35-39 ans,,Hauts-de-France,2022
user_03388,Data,25-29 ans,F,Île-de-France,2025
user_02435,Data,30-34 ans,,Île-de-France,2022
user_03389,Data,30-34 ans,,Occitanie,2022
user_03390,Data,40-44 ans,M,Centre-Val de Loire,2022
user_03391,Data,55-59 ans,M,Île-de-France,2023
user_03392,Data,30-34 ans,F,Nouvelle-Aquitaine,2023
user_03393,Data,45-49 ans,F,Île-de-France,2023
user_03394,Data,25-29 ans,M,Île-de-France,2025
user_03395,Data,45-49 ans,M,Pays de la Loire,2022
user_03396,Data,45-49 ans,F,Auvergne-Rhône-Alpes,2022
user_03397,Data,25-29 ans,M,DROM,2025
user_03398,Data,30-34 ans,,Île-de-France,2022
user_03399,Data,30-34 ans,,Île-de-France,2022
user_03400,Data,40-44 ans,M,Provence-Alpes-Côte d'Azur,2022
user_01307,Data,30-34 ans,M,Île-de-France,2024
user_03257,Data,30-34 ans,,Occitanie,2022
user_03401,Data,25-29 ans,M,Provence-Alpes-Côte d'Azur,2022
user_03402,Data,25-29 ans,,Île-de-France,2022
user_03345,Data,55-59 ans,,Grand Est,2025
user_01575,Data,35-39 ans,F,Île-de-France,2024
user_03403,Data,30-34 ans,M,Grand Est,2024
user_03404,Data,40-44 ans,,Auvergne-Rhône-Alpes,2022
user_03405,Data,25-29 ans,F,Île-de-France,2025
user_03406,Data,35-39 ans,M,Île-de-France,2022
user_02696,Data,45-49 ans,M,Auvergne-Rhône-Alpes,2023
user_03407,Data,20-24 ans,M,Provence-Alpes-Côte d'Azur,2025
user_01168,Data,45-49 ans,F,Normandie,2023
user_03408,Data,30-34 ans,M,Occitanie,2024
user_03409,Data,30-34 ans,M,Bourgogne-Franche-Comté,2023
user_03410,Data,30-34 ans,F,Provence-Alpes-Côte d'Azur,2023
user_03411,Data,50-54 ans,F,Provence-Alpes-Côte d'Azur,2023
user_03412,Data,20-24 ans,F,Île-de-France,2025
user_03413,Data,45-49 ans,M,Occitanie,2023
user_03414,Data,50-54 ans,M,Île-de-France,2023
user_03415,Data,40-44 ans,F,Île-de-France,2022
user_03416,Data,25-29 ans,F,Île-de-France,2024
user_03417,Data,30-34 ans,M,Pays de la Loire,2022
user_03418,Data,50-54 ans,M,Bourgogne-Franche-Comté,2022
user_00992,Data,45-49 ans,F,Occitanie,2022
user_03419,Data,30-34 ans,M,Occitanie,2025
user_03420,Data,20-24 ans,M,Île-de-France,2024
user_03421,Data,35-39 ans,,Île-de-France,2022
user_03422,Data,30-34 ans,F,Île-de-France,2022
user_03423,Data,30-34 ans,F,Occitanie,2022
user_03424,Data,35-39 ans,F,Occitanie,2025
user_03425,Data,25-29 ans,,Auvergne-Rhône-Alpes,2023
user_03426,Data,30-34 ans,M,Île-de-France,2025
user_01867,Data,35-39 ans,,Provence-Alpes-Côte d'Azur,2022
user_03427,Data,60 ans ou plus,,Nouvelle-Aquitaine,2022
user_03428,Data,30-34 ans,,Auvergne-Rhône-Alpes,2025
user_03429,Data,55-59 ans,M,Auvergne-Rhône-Alpes,2022
user_03430,Data,30-34 ans,F,Île-de-France,2022
user_03431,Data,35-39 ans,,Bretagne,2022
user_03432,Data,55-59 ans,F,Île-de-France,2022
user_03433,Data,25-29 ans,M,Centre-Val de Loire,2025
user_03434,Data,25-29 ans,M,Île-de-France,2022
user_03435,Data,25-29 ans,F,Hauts-de-France,2025
user_03436,Data,25-29 ans,F,Île-de-France,2025
user_03437,Data,60 ans ou plus,,Île-de-France,2022
user_03175,Data,25-29 ans,F,Grand Est,2022
user_03438,Data,25-29 ans,M,Grand Est,2025
user_03239,Data,35-39 ans,M,Île-de-France,2025
user_03439,Data,25-29 ans,M,Île-de-France,2023
user_02774,Data,20-24 ans,F,Île-de-France,2024
user_03440,Data,35-39 ans,,Grand Est,2022
user_02645,Data,35-39 ans,M,Hauts-de-France,2022
user_00934,Data,25-29 ans,M,Centre-Val de Loire,2024
user_03441,Data,20-24 ans,M,Bourgogne-Franche-Comté,2024
user_03442,Data,45-49 ans,F,Auvergne-Rhône-Alpes,2022
user_03443,Data,35-39 ans,F,Île-de-France,2023
user_03125,Data,50-54 ans,,Île-de-France,2022
user_03444,Data,50-54 ans,M,Auvergne-Rhône-Alpes,2023
user_03445,Data,25-29 ans,,Occitanie,2022
user_03446,Data,55-59 ans,M,Occitanie,2022
user_03447,Data,55-59 ans,M,Nouvelle-Aquitaine,2025
user_03448,Data,35-39 ans,M,Île-de-France,2024
user_03449,Data,40-44 ans,M,Centre-Val de Loire,2022
user_03450,Data,35-39 ans,,Pays de la Loire,2022
user_03451,Data,35-39 ans,M,Île-de-France,2025
user_03452,Data,40-44 ans,F,Île-de-France,2022
user_03453,Data,55-59 ans,,Île-de-France,2022
user_03454,Data,45-49 ans,F,Bourgogne-Franche-Comté,2023
user_03455,Data,45-49 ans,F,Île-de-France,2024
user_03456,Data,25-29 ans,,Île-de-France,2022
user_03457,Data,25-29 ans,M,Pays de la Loire,2023
user_03458,Data,25-29 ans,M,Nouvelle-Aquitaine,2024
user_03459,Data,40-44 ans,M,Île-de-France,2022
user_03460,Data,30-34 ans,,Auvergne-Rhône-Alpes,2022
user_03461,Data,30-34 ans,F,Île-de-France,2024
user_03462,Data,35-39 ans,M,Île-de-France,2025
user_03463,Data,35-39 ans,F,Pays de la Loire,2022
user_03464,Data,20-24 ans,M,Nouvelle-Aquitaine,2025
user_00824,Data,40-44 ans,M,Île-de-France,2023
user_03465,Data,50-54 ans,,Grand Est,2024
user_03466,Data,35-39 ans,M,Île-de-France,2024
user_03467,Data,30-34 ans,,Île-de-France,2023
user_03468,Data,30-34 ans,F,Hauts-de-France,2024
user_03469,Data,30-34 ans,,Centre-Val de Loire,2022
user_03470,Data,45-49 ans,F,Île-de-France,2022
user_03471,Data,50-54 ans,,Nouvelle-Aquitaine,2022
user_02244,Data,30-34 ans,M,Île-de-France,2023
user_00002,Data,60 ans ou plus,M,Île-de-France,2022
user_03472,Data,45-49 ans,F,Provence-Alpes-Côte d'Azur,2024
user_03473,Data,30-34 ans,M,Île-de-France,2022
user_03474,Data,20-24 ans,M,Occitanie,2024
user_03475,Data,40-44 ans,,Île-de-France,2023
user_03476,Data,35-39 ans,M,Bretagne,2024
user_02759,Data,25-29 ans,,Île-de-France,2023
user_03477,Data,25-29 ans,M,Nouvelle-Aquitaine,2023
user_03478,Data,25-29 ans,M,Île-de-France,2024
user_03479,Data,40-44 ans,M,Hauts-de-France,2022
user_01645,Data,45-49 ans,,Île-de-France,2022
user_03480,Data,40-44 ans,M,Bourgogne-Franche-Comté,2024
user_03481,Data,50-54 ans,,Pays de la Loire,2022
user_03482,Data,30-34 ans,,Grand Est,2022
user_02931,Data,35-39 ans,F,Île-de-France,2022
user_03483,Data,55-59 ans,M,Île-de-France,2022
user_03484,Data,30-34 ans,,Centre-Val de Loire,2023
user_03485,Data,30-34 ans,M,Hauts-de-France,2022
user_03486,Data,30-34 ans,M,Île-de-France,2023
user_01796,Data,40-44 ans,,Île-de-France,2024
user_03487,Data,35-39 ans,,Île-de-France,2022
user_03488,Data,30-34 ans,,Auvergne-Rhône-Alpes,2023
user_00858,Data,30-34 ans,M,Pays de la Loire,2025
user_03489,Data,35-39 ans,F,Île-de-France,2022
user_03490,Data,30-34 ans,M,Île-de-France,2024
user_00864,Data,35-39 ans,,Occitanie,2022
user_03491,Data,25-29 ans,M,Hauts-de-France,2025
user_03492,Data,30-34 ans,,Auvergne-Rhône-Alpes,2022
user_03493,Data,35-39 ans,,Grand Est,2022
user_03494,Data,55-59 ans,F,Île-de-France,2023
user_03495,Data,30-34 ans,M,Provence-Alpes-Côte d'Azur,2022
user_02481,Data,40-44 ans,,Île-de-France,2023
user_03496,Data,50-54 ans,M,Grand Est,2025
user_00030,Data,25-29 ans,M,Île-de-France,2023
user_03497,Data,25-29 ans,F,Île-de-France,2024
user_02057,Data,25-29 ans,,Île-de-France,2022
user_03498,Data,45-49 ans,,Grand Est,2024
user_03499,Data,30-34 ans,M,Hauts-de-France,2022
user_03500,Data,45-49 ans,F,Île-de-France,2022
user_03501,Data,45-49 ans,F,Île-de-France,2023
user_03502,Data,25-29 ans,M,Pays de la Loire,2022
user_03503,Data,25-29 ans,F,Île-de-France,2024
user_03504,Data,30-34 ans,M,Île-de-France,2025
user_03505,Data,30-34 ans,M,Hauts-de-France,2025
user_03506,Data,30-34 ans,M,Grand Est,2024
user_03507,Data,25-29 ans,M,Île-de-France,2024
user_03508,Data,25-29 ans,F,Île-de-France,2024
user_03509,Data,35-39 ans,M,Nouvelle-Aquitaine,2025
user_03510,Data,30-34 ans,F,Nouvelle-Aquitaine,2023
user_03511,Data,25-29 ans,M,Nouvelle-Aquitaine,2024
user_00867,Data,25-29 ans,,Hauts-de-France,2023
user_03512,Data,20-24 ans,,Île-de-France,2022
user_03513,Data,25-29 ans,M,Île-de-France,2025
user_03514,Data,25-29 ans,M,Île-de-France,2023
user_03515,Data,45-49 ans,M,Île-de-France,2023
user_03516,Data,30-34 ans,F,Occitanie,2023
user_03517,Data,25-29 ans,M,Normandie,2025
user_03518,Data,35-39 ans,M,Occitanie,2025
user_03519,Data,35-39 ans,M,Provence-Alpes-Côte d'Azur,2025
user_03520,Data,30-34 ans,M,Île-de-France,2022
user_03521,Data,20-24 ans,M,Occitanie,2025
user_03522,Data,25-29 ans,F,Île-de-France,2023
user_03523,Data,30-34 ans,M,Auvergne-Rhône-Alpes,2024
user_03524,Data,40-44 ans,F,Île-de-France,2022
user_03525,Data,35-39 ans,F,Île-de-France,2024
user_01014,Data,40-44 ans,M,Île-de-France,2023
user_03526,Data,25-29 ans,M,Nouvelle-Aquitaine,2023
user_03527,Data,35-39 ans,M,Auvergne-Rhône-Alpes,2023
user_03528,Data,40-44 ans,M,Hauts-de-France,2023
user_03529,Data,25-29 ans,F,Auvergne-Rhône-Alpes,2025
user_03530,Data,25-29 ans,M,Île-de-France,2024
user_03531,Data,40-44 ans,M,Île-de-France,2023
user_03532,Data,35-39 ans,F,Nouvelle-Aquitaine,2022
user_03533,Data,30-34 ans,M,Provence-Alpes-Côte d'Azur,2025
user_03534,Data,35-39 ans,M,Île-de-France,2025
user_03535,Data,20-24 ans,M,Île-de-France,2024
user_03536,Data,30-34 ans,,Provence-Alpes-Côte d'Azur,2023
user_03537,Data,35-39 ans,M,Île-de-France,2025
user_03538,Data,55-59 ans,M,Île-de-France,2022
user_03539,Data,25-29 ans,M,Occitanie,2024
user_03540,Data,55-59 ans,M,Pays de la Loire,2023
user_03541,Data,25-29 ans,F,Île-de-France,2024
user_03542,Data,40-44 ans,M,Île-de-France,2023
user_03543,Data,35-39 ans,M,Île-de-France,2022
user_00352,Data,30-34 ans,M,Bourgogne-Franche-Comté,2023
user_03544,Data,30-34 ans,F,Île-de-France,2022
user_02140,Data,30-34 ans,M,Île-de-France,2023
user_03545,Data,35-39 ans,M,Île-de-France,2025
user_03546,Data,55-59 ans,M,Île-de-France,2023
user_03547,Data,30-34 ans,F,Île-de-France,2022
user_03548,Data,35-39 ans,M,Nouvelle-Aquitaine,2022
user_03549,Data,30-34 ans,M,Île-de-France,2022
user_03550,Data,50-54 ans,M,Provence-Alpes-Côte d'Azur,2024
user_03551,Data,25-29 ans,,Île-de-France,2022
user_00272,Data,30-34 ans,M,Île-de-France,2024
user_03552,Data,25-29 ans,F,Auvergne-Rhône-Alpes,2024
user_03553,Data,30-34 ans,,Île-de-France,2022
user_03554,Data,25-29 ans,M,Auvergne-Rhône-Alpes,2023
user_01139,Data,30-34 ans,M,Île-de-France,2025
user_03555,Data,30-34 ans,M,Île-de-France,2023
user_03556,Data,50-54 ans,M,Provence-Alpes-Côte d'Azur,2024
user_03557,Data,50-54 ans,,Nouvelle-Aquitaine,2023
user_03558,Data,30-34 ans,F,Normandie,2023
user_03559,Data,40-44 ans,F,Île-de-France,2023
user_03560,Data,20-24 ans,M,Hauts-de-France,2023
user_03561,Data,40-44 ans,M,Occitanie,2023
user_03562,Data,35-39 ans,M,Nouvelle-Aquitaine,2022
user_03563,Data,45-49 ans,M,Normandie,2022
user_01082,Data,50-54 ans,,Île-de-France,2022
user_02899,Data,45-49 ans,F,Nouvelle-Aquitaine,2022
user_03564,Data,30-34 ans,F,Île-de-France,2023
user_03565,Data,40-44 ans,,Centre-Val de Loire,2023
user_03310,Data,25-29 ans,,Île-de-France,2023
user_03566,Data,35-39 ans,F,Île-de-France,2024
user_02937,Data,30-34 ans,F,Provence-Alpes-Côte d'Azur,2022
user_03567,Data,30-34 ans,,Auvergne-Rhône-Alpes,2022
user_00220,Data,35-39 ans,,Pays de la Loire,2023
user_03568,Data,45-49 ans,M,Île-de-France,2025
user_03569,Data,40-44 ans,M,Provence-Alpes-Côte d'Azur,2025
user_03570,Data,30-34 ans,,Île-de-France,2022
user_03571,Data,30-34 ans,F,Île-de-France,2023
user_03572,Data,30-34 ans,M,Provence-Alpes-Côte d'Azur,2025
user_03573,Data,20-24 ans,M,Auvergne-Rhône-Alpes,2024
user_03574,Data,35-39 ans,,Centre-Val de Loire,2022
user_01682,Data,30-34 ans,M,Hauts-de-France,2025
user_02665,Data,50-54 ans,F,Normandie,2025
user_03575,Data,55-59 ans,,Île-de-France,2022
user_03576,Data,35-39 ans,F,Île-de-France,2025
user_02552,Data,40-44 ans,,Île-de-France,2023
user_03577,Data,45-49 ans,M,Auvergne-Rhône-Alpes,2023
user_03578,Data,40-44 ans,F,Nouvelle-Aquitaine,2025
user_03579,Data,30-34 ans,M,Auvergne-Rhône-Alpes,2024
user_03580,Data,30-34 ans,,Occitanie,2022
user_03581,Data,30-34 ans,M,Auvergne-Rhône-Alpes,2025
user_03582,Data,40-44 ans,F,Île-de-France,2025
user_03583,Data,20-24 ans,,Bourgogne-Franche-Comté,2023
user_03584,Data,60 ans ou plus,M,Île-de-France,2025
user_03585,Data,35-39 ans,M,Île-de-France,2025
user_03586,Data,60 ans ou plus,,Île-de-France,2022
user_03587,Data,25-29 ans,F,Île-de-France,2025
user_03588,Data,25-29 ans,M,Bretagne,2023
user_03589,Data,30-34 ans,M,Île-de-France,2023
user_03590,Data,45-49 ans,,Hauts-de-France,2022
user_03591,Data,25-29 ans,M,Île-de-France,2022
user_03592,Data,35-39 ans,M,Île-de-France,2023
user_03593,Data,40-44 ans,M,Île-de-France,2022
user_03594,Data,45-49 ans,,Île-de-France,2025
user_01695,Data,30-34 ans,M,Hauts-de-France,2022
user_03595,Data,35-39 ans,F,Grand Est,2025
user_01828,Data,30-34 ans,M,Nouvelle-Aquitaine,2022
user_03596,Data,30-34 ans,,Occitanie,2022
user_01505,Data,30-34 ans,M,Auvergne-Rhône-Alpes,2024
user_03597,Data,40-44 ans,M,Île-de-France,2023
user_03598,Data,30-34 ans,,Bourgogne-Franche-Comté,2023
user_03599,Data,35-39 ans,,Pays de la Loire,2023
user_03600,Data,30-34 ans,M,Occitanie,2025
user_03601,Data,50-54 ans,M,Hauts-de-France,2025
user_03602,Data,35-39 ans,M,Nouvelle-Aquitaine,2022
user_02184,Data,25-29 ans,,Île-de-France,2022
user_00894,Data,25-29 ans,,Île-de-France,2022
user_03603,Data,30-34 ans,M,Normandie,2023
user_00332,Data,25-29 ans,,Provence-Alpes-Côte d'Azur,2022
user_01238,Data,25-29 ans,F,Île-de-France,2023
user_03604,Data,45-49 ans,M,Centre-Val de Loire,2025
user_03605,Data,55-59 ans,M,Île-de-France,2022
user_03606,Data,30-34 ans,,Île-de-France,2022
user_03255,Data,30-34 ans,M,Grand Est,2022
user_03607,Data,30-34 ans,M,Île-de-France,2025
user_03608,Data,40-44 ans,M,Provence-Alpes-Côte d'Azur,2022
user_03609,Data,35-39 ans,F,Nouvelle-Aquitaine,2023
user_03610,Data,40-44 ans,,Île-de-France,2022
user_03611,Data,35-39 ans,M,Île-de-France,2023
user_03612,Data,30-34 ans,,Occitanie,2022
user_01578,Data,60 ans ou plus,,Île-de-France,2023
user_03613,Data,30-34 ans,M,Pays de la Loire,2023
user_03614,Data,35-39 ans,F,Auvergne-Rhône-Alpes,2025
user_03615,Data,45-49 ans,,Grand Est,2024
user_00847,Data,40-44 ans,F,Nouvelle-Aquitaine,2022
user_03616,Data,35-39 ans,F,Auvergne-Rhône-Alpes,2025
user_03617,Data,25-29 ans,F,Nouvelle-Aquitaine,2024
user_01846,Data,30-34 ans,M,Auvergne-Rhône-Alpes,2024
user_03618,Data,30-34 ans,M,Nouvelle-Aquitaine,2022
user_03619,Data,30-34 ans,,Provence-Alpes-Côte d'Azur,2022
user_03620,Data,25-29 ans,F,Île-de-France,2024
user_03621,Data,40-44 ans,,Auvergne-Rhône-Alpes,2023
user_03622,Data,30-34 ans,M,Île-de-France,2022
user_01210,Data,45-49 ans,M,Auvergne-Rhône-Alpes,2023
user_03623,Data,35-39 ans,M,Occitanie,2022
user_03624,Data,30-34 ans,M,Bourgogne-Franche-Comté,2024
user_03625,Data,30-34 ans,F,Auvergne-Rhône-Alpes,2023
user_03626,Data,35-39 ans,M,Île-de-France,2023
user_03627,Data,25-29 ans,,Île-de-France,2022
user_01651,Data,35-39 ans,M,Île-de-France,2022
user_03628,Data,35-39 ans,M,Nouvelle-Aquitaine,2024
user_03629,Data,40-44 ans,M,Île-de-France,2022
user_03630,Data,30-34 ans,M,Provence-Alpes-Côte d'Azur,2024
user_03631,Data,40-44 ans,F,Île-de-France,2022
user_03632,Data,30-34 ans,M,Bourgogne-Franche-Comté,2022
user_03633,Data,25-29 ans,,Bretagne,2023
user_03634,Data,30-34 ans,,Île-de-France,2022
user_03635,Data,25-29 ans,,Île-de-France,2023
user_03636,Data,40-44 ans,F,Île-de-France,2023
user_03637,Data,40-44 ans,M,Île-de-France,2023
user_03638,Data,35-39 ans,F,Auvergne-Rhône-Alpes,2022
user_00510,Data,35-39 ans,,Île-de-France,2023
user_00984,Data,40-44 ans,M,Île-de-France,2023
user_03639,Data,60 ans ou plus,M,Auvergne-Rhône-Alpes,2023
user_01194,Data,25-29 ans,M,Auvergne-Rhône-Alpes,2024
user_03640,Data,50-54 ans,M,Île-de-France,2023
user_03641,Data,30-34 ans,F,Occitanie,2024
user_03642,Data,30-34 ans,M,Île-de-France,2022
user_00019,Data,40-44 ans,F,DROM,2025
user_03643,Data,30-34 ans,M,Auvergne-Rhône-Alpes,2022
user_03644,Data,35-39 ans,M,Île-de-France,2022
user_03645,Data,30-34 ans,,Île-de-France,2022
user_00656,Data,25-29 ans,M,Auvergne-Rhône-Alpes,2023
user_01991,Data,40-44 ans,F,Auvergne-Rhône-Alpes,2025
user_03646,Data,30-34 ans,M,Grand Est,2023
user_03647,Data,35-39 ans,,Île-de-France,2023
user_03648,Data,60 ans ou plus,M,Île-de-France,2023
user_03649,Data,40-44 ans,F,Île-de-France,2022
user_03650,Data,50-54 ans,F,Île-de-France,2023
user_03651,Data,45-49 ans,M,Provence-Alpes-Côte d'Azur,2025
user_03652,Data,20-24 ans,M,Grand Est,2024
user_03653,Data,40-44 ans,M,Auvergne-Rhône-Alpes,2024
user_03654,Data,55-59 ans,M,Bourgogne-Franche-Comté,2023
user_00883,Data,25-29 ans,M,Centre-Val de Loire,2023
user_03655,Data,25-29 ans,,Île-de-France,2022
user_03656,Data,55-59 ans,F,Île-de-France,2025
user_03657,Data,40-44 ans,F,Île-de-France,2022
user_00750,Data,50-54 ans,F,Nouvelle-Aquitaine,2024
user_03658,Data,30-34 ans,M,Nouvelle-Aquitaine,2024
user_03659,Data,35-39 ans,F,Hauts-de-France,2022
user_03660,Data,50-54 ans,M,Auvergne-Rhône-Alpes,2022
user_02564,Data,25-29 ans,M,Hauts-de-France,2022
user_01897,Data,35-39 ans,M,Île-de-France,2024
user_03661,Data,40-44 ans,M,DROM,2022
user_03662,Data,30-34 ans,F,Île-de-France,2023
user_03663,Data,30-34 ans,M,Île-de-France,2025
user_03664,Data,20-24 ans,M,Occitanie,2023
user_03665,Data,40-44 ans,M,Île-de-France,2023
user_03666,Data,35-39 ans,M,Centre-Val de Loire,2024
user_03667,Data,35-39 ans,M,Île-de-France,2022
user_03668,Data,30-34 ans,F,Grand Est,2025
user_03669,Data,60 ans ou plus,M,Île-de-France,2022
user_03670,Data,35-39 ans,F,Hauts-de-France,2024
user_03671,Data,35-39 ans,F,Île-de-France,2025
user_03672,Data,25-29 ans,F,Île-de-France,2024
user_03673,Data,30-34 ans,F,Île-de-France,2022
user_03674,Data,35-39 ans,M,DROM,2022
user_03675,Data,25-29 ans,,Grand Est,2023
user_03676,Data,30-34 ans,M,Hauts-de-France,2024
user_03677,Data,30-34 ans,M,Provence-Alpes-Côte d'Azur,2023
user_03678,Data,45-49 ans,M,Île-de-France,2023
user_03679,Data,35-39 ans,,Bretagne,2024
user_03680,Data,30-34 ans,,Occitanie,2022
user_03681,Data,35-39 ans,M,Centre-Val de Loire,2022
user_03682,Data,25-29 ans,,Île-de-France,2022
user_03683,Data,25-29 ans,F,Auvergne-Rhône-Alpes,2023
user_03684,Data,25-29 ans,M,Bourgogne-Franche-Comté,2023
user_03685,Data,40-44 ans,,Bretagne,2023
user_03686,Data,25-29 ans,M,Auvergne-Rhône-Alpes,2025
user_03687,Data,35-39 ans,M,Île-de-France,2025
user_03688,Data,30-34 ans,F,Île-de-France,2022
user_03689,Data,20-24 ans,M,Île-de-France,2025
user_03690,Data,30-34 ans,M,Hauts-de-France,2025
user_03691,Data,45-49 ans,,Provence-Alpes-Côte d'Azur,2022
user_03692,Data,30-34 ans,M,Centre-Val de Loire,2024
user_03693,Data,30-34 ans,,Bourgogne-Franche-Comté,2022
user_03694,Data,50-54 ans,,Hauts-de-France,2022
user_03695,Data,25-29 ans,F,Île-de-France,2025
user_03696,Data,45-49 ans,M,DROM,2022
user_03697,Data,40-44 ans,M,Bretagne,2022
user_03698,Data,20-24 ans,M,Île-de-France,2025
user_02000,Data,35-39 ans,,Île-de-France,2025
user_03699,Data,30-34 ans,M,Provence-Alpes-Côte d'Azur,2024
user_01748,Data,30-34 ans,M,Hauts-de-France,2025
user_03700,Data,30-34 ans,,Île-de-France,2023
user_03701,Data,30-34 ans,M,Occitanie,2022
user_03702,Data,25-29 ans,M,Île-de-France,2025
user_03703,Data,35-39 ans,M,Île-de-France,2024
user_03704,Data,45-49 ans,F,Pays de la Loire,2025
user_03705,Data,30-34 ans,F,Provence-Alpes-Côte d'Azur,2025
user_03286,Data,35-39 ans,,Île-de-France,2024
user_03706,Data,40-44 ans,M,Île-de-France,2022
user_03707,Data,60 ans ou plus,,Provence-Alpes-Côte d'Azur,2022
user_03708,Data,40-44 ans,M,Grand Est,2022
user_00377,Data,40-44 ans,M,Île-de-France,2023
user_03709,Data,45-49 ans,M,Île-de-France,2025
user_00229,Data,30-34 ans,M,Hauts-de-France,2024
user_03710,Data,30-34 ans,M,Provence-Alpes-Côte d'Azur,2023
user_03711,Data,40-44 ans,,Auvergne-Rhône-Alpes,2023
user_03712,Data,25-29 ans,F,Île-de-France,2025
user_03713,Data,30-34 ans,M,Auvergne-Rhône-Alpes,2025
user_03714,Data,35-39 ans,M,Occitanie,2024
user_03715,Data,40-44 ans,M,Normandie,2025
user_03716,Data,45-49 ans,M,Provence-Alpes-Côte d'Azur,2024
user_03717,Data,30-34 ans,M,Occitanie,2022
user_03718,Data,30-34 ans,,Centre-Val de Loire,2022
user_03719,Data,60 ans ou plus,M,Bretagne,2022
user_03720,Data,30-34 ans,M,Grand Est,2023
user_03721,Data,30-34 ans,M,Provence-Alpes-Côte d'Azur,2024
user_02125,Data,25-29 ans,M,Île-de-France,2023
user_03722,Data,25-29 ans,,Île-de-France,2025
user_03723,Data,40-44 ans,,Bretagne,2023
user_03724,Data,30-34 ans,M,Île-de-France,2025
user_03725,Data,55-59 ans,M,Centre-Val de Loire,2023
user_03726,Data,25-29 ans,M,Île-de-France,2024
user_03727,Data,45-49 ans,F,Auvergne-Rhône-Alpes,2024
user_03728,Data,30-34 ans,,Provence-Alpes-Côte d'Azur,2022
user_00190,Data,40-44 ans,F,Île-de-France,2022
user_03729,Data,20-24 ans,F,Île-de-France,2022
user_00256,Data,30-34 ans,M,Île-de-France,2023
user_00054,Data,35-39 ans,,Île-de-France,2022
user_03730,Data,25-29 ans,F,Île-de-France,2025
user_03401,Data,25-29 ans,M,Provence-Alpes-Côte d'Azur,2025
user_03731,Data,35-39 ans,M,Auvergne-Rhône-Alpes,2022
user_01311,Data,30-34 ans,,Hauts-de-France,2022
user_03732,Data,45-49 ans,F,Île-de-France,2025
user_03733,Data,45-49 ans,M,Île-de-France,2023
user_03734,Data,30-34 ans,M,Provence-Alpes-Côte d'Azur,2023
user_03735,Data,45-49 ans,,Nouvelle-Aquitaine,2022
user_03736,Data,20-24 ans,M,Provence-Alpes-Côte d'Azur,2025
user_01317,Data,25-29 ans,M,Occitanie,2023
user_03737,Data,25-29 ans,,Bretagne,2023
user_03738,Data,30-34 ans,M,Île-de-France,2022
user_03739,Data,30-34 ans,F,Île-de-France,2024
user_03740,Data,60 ans ou plus,M,Île-de-France,2022
user_03741,Data,30-34 ans,F,Île-de-France,2023
user_03268,Data,30-34 ans,,Île-de-France,2022
user_03742,Data,25-29 ans,M,Grand Est,2025
user_03743,Data,25-29 ans,F,Île-de-France,2025
user_03744,Data,25-29 ans,,Île-de-France,2022
user_03745,Data,35-39 ans,F,Île-de-France,2025
user_01406,Data,35-39 ans,M,Île-de-France,2025
user_03746,Data,35-39 ans,,Île-de-France,2022
user_03747,Data,40-44 ans,,Hauts-de-France,2022
user_03748,Data,30-34 ans,M,Île-de-France,2022
user_03749,Data,35-39 ans,,Auvergne-Rhône-Alpes,2022
user_03750,Data,30-34 ans,,Pays de la Loire,2022
user_03751,Data,20-24 ans,M,Bourgogne-Franche-Comté,2024
user_03752,Data,35-39 ans,,Île-de-France,2022
user_03753,Data,35-39 ans,M,Hauts-de-France,2023
user_03754,Data,30-34 ans,,Île-de-France,2023
user_03755,Data,35-39 ans,M,Bretagne,2025
user_01984,Data,25-29 ans,M,Grand Est,2024
user_03756,Data,20-24 ans,M,Bourgogne-Franche-Comté,2025
user_03757,Data,25-29 ans,,Auvergne-Rhône-Alpes,2022
user_03758,Data,40-44 ans,,Grand Est,2022
user_03759,Data,20-24 ans,M,Île-de-France,2025
user_03760,Data,45-49 ans,M,Provence-Alpes-Côte d'Azur,2022
user_03761,Data,35-39 ans,M,Grand Est,2024
user_03762,Data,35-39 ans,M,Île-de-France,2025
user_03631,Data,40-44 ans,F,Île-de-France,2025
user_01395,Data,30-34 ans,,Grand Est,2023
user_03763,Data,30-34 ans,F,Île-de-France,2022
user_03764,Data,30-34 ans,M,Île-de-France,2024
user_03765,Data,30-34 ans,M,Grand Est,2022
user_03766,Data,40-44 ans,F,Île-de-France,2024
user_03767,Data,35-39 ans,,Île-de-France,2022
user_03768,Data,60 ans ou plus,M,Auvergne-Rhône-Alpes,2025
user_03769,Data,40-44 ans,F,Île-de-France,2023
user_03770,Data,35-39 ans,M,Île-de-France,2022
user_03771,Data,35-39 ans,M,Provence-Alpes-Côte d'Azur,2025
user_00732,Data,30-34 ans,M,Île-de-France,2023
user_03772,Data,50-54 ans,M,Île-de-France,2022
user_03130,Data,25-29 ans,M,Île-de-France,2024
user_03773,Data,40-44 ans,F,Centre-Val de Loire,2025
user_03184,Data,30-34 ans,F,Île-de-France,2022
user_01078,Data,35-39 ans,,Île-de-France,2025
user_03774,Data,60 ans ou plus,M,Île-de-France,2023
user_03775,Data,25-29 ans,,Auvergne-Rhône-Alpes,2022
user_03776,Data,35-39 ans,,Île-de-France,2023
user_03777,Data,35-39 ans,F,Île-de-France,2023
user_03778,Data,40-44 ans,,Île-de-France,2023
user_03779,Data,35-39 ans,M,Grand Est,2022
user_00391,Data,25-29 ans,M,Pays de la Loire,2023
user_01950,Data,55-59 ans,,Occitanie,2023
user_00608,Data,40-44 ans,,Île-de-France,2022
user_03780,Data,25-29 ans,M,Île-de-France,2023
user_03781,Data,45-49 ans,M,Nouvelle-Aquitaine,2024
user_03782,Data,30-34 ans,,Provence-Alpes-Côte d'Azur,2022
user_03783,Data,25-29 ans,F,Hauts-de-France,2023
user_03784,Data,25-29 ans,,Hauts-de-France,2022
user_03785,Data,35-39 ans,M,Occitanie,2024
user_00333,Data,35-39 ans,M,Grand Est,2025
user_03786,Data,20-24 ans,M,Auvergne-Rhône-Alpes,2025
user_03787,Data,30-34 ans,,Île-de-France,2022
user_03788,Data,35-39 ans,,Nouvelle-Aquitaine,2022
user_03789,Data,25-29 ans,,Île-de-France,2023
user_00053,Data,40-44 ans,M,Grand Est,2024
user_03790,Data,25-29 ans,,Île-de-France,2022
user_03791,Data,30-34 ans,,Normandie,2023
user_02517,Data,30-34 ans,M,Grand Est,2023
user_03792,Data,50-54 ans,F,Nouvelle-Aquitaine,2025
user_02696,Data,45-49 ans,M,Auvergne-Rhône-Alpes,2024
user_03793,Data,25-29 ans,M,Île-de-France,2023
user_02638,Data,35-39 ans,M,Nouvelle-Aquitaine,2022
user_03794,Data,35-39 ans,F,Île-de-France,2022
user_03795,Data,60 ans ou plus,M,Île-de-France,2022
user_02763,Data,30-34 ans,F,Île-de-France,2025
user_00492,Data,50-54 ans,,Auvergne-Rhône-Alpes,2022
user_03796,Data,45-49 ans,M,Île-de-France,2022
user_03797,Data,20-24 ans,M,Auvergne-Rhône-Alpes,2025
user_03798,Data,35-39 ans,M,Centre-Val de Loire,2025
user_03799,Data,30-34 ans,M,Occitanie,2022
user_03800,Data,45-49 ans,M,Bretagne,2022
user_02657,Data,40-44 ans,M,Île-de-France,2023
user_03801,Data,35-39 ans,,Île-de-France,2022
user_03802,Data,50-54 ans,F,Normandie,2022
user_03803,Data,25-29 ans,M,Île-de-France,2023
user_03804,Data,25-29 ans,M,Île-de-France,2024
user_03805,Data,30-34 ans,,Île-de-France,2023
user_03806,Data,45-49 ans,M,Île-de-France,2025
user_03807,Data,30-34 ans,M,Île-de-France,2022
user_03808,Data,40-44 ans,M,Île-de-France,2024
user_03809,Data,35-39 ans,M,Île-de-France,2022
user_03810,Data,45-49 ans,M,Occitanie,2025
user_03811,Data,25-29 ans,M,Nouvelle-Aquitaine,2022
user_03812,Data,35-39 ans,M,Île-de-France,2024
user_01999,Data,25-29 ans,M,Île-de-France,2025
user_01596,Data,35-39 ans,M,Île-de-France,2024
user_03813,Data,30-34 ans,F,Île-de-France,2023
user_03814,Data,25-29 ans,M,Auvergne-Rhône-Alpes,2024
user_03815,Data,45-49 ans,M,Île-de-France,2023
user_03816,Data,60 ans ou plus,M,Occitanie,2022
user_03509,Data,35-39 ans,M,Nouvelle-Aquitaine,2024
user_03817,Data,40-44 ans,M,Hauts-de-France,2025
user_03818,Data,25-29 ans,M,Normandie,2024
user_03819,Data,55-59 ans,M,Provence-Alpes-Côte d'Azur,2022
user_03820,Data,50-54 ans,M,Nouvelle-Aquitaine,2024
user_03821,Data,35-39 ans,F,Île-de-France,2023
user_03822,Data,40-44 ans,M,Provence-Alpes-Côte d'Azur,2023
user_01987,Data,35-39 ans,F,Île-de-France,2022
user_01078,Data,35-39 ans,,Île-de-France,2023
user_03823,Data,40-44 ans,F,Île-de-France,2022
user_03824,Data,30-34 ans,M,Provence-Alpes-Côte d'Azur,2022
user_03825,Data,45-49 ans,M,Grand Est,2024
user_03826,Data,35-39 ans,F,Île-de-France,2024
user_03827,Data,40-44 ans,,Île-de-France,2023
user_01218,Data,25-29 ans,M,Bourgogne-Franche-Comté,2022
user_03828,Data,20-24 ans,M,Île-de-France,2025
user_03829,Data,40-44 ans,M,Hauts-de-France,2022
user_03830,Data,30-34 ans,M,Hauts-de-France,2023
user_03831,Data,30-34 ans,M,Île-de-France,2023
user_03832,Data,40-44 ans,,Île-de-France,2023
user_03833,Data,20-24 ans,M,Bretagne,2025
user_03834,Data,35-39 ans,M,Pays de la Loire,2024
user_03835,Data,50-54 ans,F,Île-de-France,2023
user_03836,Data,30-34 ans,,Île-de-France,2022
user_03837,Data,30-34 ans,M,Île-de-France,2023
user_03838,Data,40-44 ans,M,Occitanie,2022
user_03839,Data,25-29 ans,F,Grand Est,2022
user_03840,Data,40-44 ans,,Île-de-France,2022
user_03841,Data,25-29 ans,,Île-de-France,2022
user_03842,Data,35-39 ans,M,Île-de-France,2023
user_02686,Data,55-59 ans,,Île-de-France,2023
user_03843,Data,35-39 ans,F,Bretagne,2024
user_03844,Data,45-49 ans,M,Auvergne-Rhône-Alpes,2022
user_00118,Data,25-29 ans,M,Île-de-France,2023
user_03845,Data,50-54 ans,,Nouvelle-Aquitaine,2022
user_03846,Data,35-39 ans,,Île-de-France,2022
user_03847,Data,35-39 ans,M,Île-de-France,2024
user_03848,Data,40-44 ans,,Pays de la Loire,2022
user_00352,Data,30-34 ans,M,Bourgogne-Franche-Comté,2024
user_03849,Data,50-54 ans,M,Bourgogne-Franche-Comté,2022
user_03850,Data,45-49 ans,F,Île-de-France,2025
user_03851,Data,35-39 ans,M,Hauts-de-France,2023
user_02458,Data,35-39 ans,M,Auvergne-Rhône-Alpes,2024
user_03852,Data,40-44 ans,,Île-de-France,2023
user_01117,Data,40-44 ans,M,Île-de-France,2023
user_03853,Data,30-34 ans,,Île-de-France,2022
user_03854,Data,40-44 ans,,Pays de la Loire,2023
user_03855,Data,35-39 ans,F,Île-de-France,2023
user_00201,Data,35-39 ans,,Auvergne-Rhône-Alpes,2023
user_03856,Data,45-49 ans,M,Île-de-France,2023
user_03857,Data,55-59 ans,,Île-de-France,2023
user_03858,Data,30-34 ans,M,Provence-Alpes-Côte d'Azur,2025
user_03859,Data,25-29 ans,,Île-de-France,2022
user_03860,Data,35-39 ans,M,Occitanie,2022
user_03861,Data,25-29 ans,F,Centre-Val de Loire,2025
user_03862,Data,45-49 ans,M,Île-de-France,2025
user_03863,Data,40-44 ans,M,Centre-Val de Loire,2022
user_03864,Data,35-39 ans,M,Hauts-de-France,2024
user_00857,Data,25-29 ans,M,Île-de-France,2025
user_03865,Data,25-29 ans,M,Auvergne-Rhône-Alpes,2024
user_03866,Data,45-49 ans,M,Île-de-France,2025
user_03867,Data,35-39 ans,M,Île-de-France,2022
user_03868,Data,50-54 ans,,Grand Est,2025
user_03869,Data,35-39 ans,,Île-de-France,2022
user_03870,Data,40-44 ans,M,Normandie,2025
user_03871,Data,25-29 ans,,Pays de la Loire,2024
user_03872,Data,40-44 ans,M,Nouvelle-Aquitaine,2022
user_03873,Data,35-39 ans,,Provence-Alpes-Côte d'Azur,2023
user_03874,Data,30-34 ans,F,Auvergne-Rhône-Alpes,2022
user_03875,Data,50-54 ans,M,Occitanie,2024
user_03876,Data,45-49 ans,F,Île-de-France,2022
user_03877,Data,35-39 ans,,Île-de-France,2022
user_03878,Data,25-29 ans,,Nouvelle-Aquitaine,2022
user_03879,Data,30-34 ans,F,Île-de-France,2023
user_03880,Data,40-44 ans,M,Île-de-France,2023
user_03881,Data,50-54 ans,F,Normandie,2025
user_03882,Data,55-59 ans,,Auvergne-Rhône-Alpes,2024
user_03883,Data,25-29 ans,,Île-de-France,2022
user_01663,Data,30-34 ans,,Île-de-France,2023
user_03884,Data,25-29 ans,M,Auvergne-Rhône-Alpes,2025
user_03885,Data,30-34 ans,,Île-de-France,2022
user_00178,Data,35-39 ans,M,Centre-Val de Loire,2024
user_00549,Data,40-44 ans,F,Auvergne-Rhône-Alpes,2022
user_03886,Data,25-29 ans,M,Auvergne-Rhône-Alpes,2022
user_03778,Data,40-44 ans,,Île-de-France,2024
user_03887,Data,50-54 ans,M,Île-de-France,2023
user_03888,Data,50-54 ans,,Île-de-France,2022
user_03889,Data,45-49 ans,M,Normandie,2023
user_03890,Data,30-34 ans,M,Nouvelle-Aquitaine,2025
user_03891,Data,30-34 ans,,Occitanie,2025
user_03892,Data,25-29 ans,,Île-de-France,2023
user_03893,Data,35-39 ans,M,Occitanie,2025
user_02127,Data,25-29 ans,M,Île-de-France,2022
user_01569,Data,30-34 ans,M,Occitanie,2024
user_01770,Data,30-34 ans,F,Île-de-France,2022
user_00114,Data,45-49 ans,,Occitanie,2022
user_03894,Data,30-34 ans,F,Île-de-France,2024
user_03895,Data,35-39 ans,M,Île-de-France,2023
user_03896,Data,30-34 ans,F,Provence-Alpes-Côte d'Azur,2023
user_02317,Data,35-39 ans,M,Île-de-France,2023
user_03897,Data,40-44 ans,,Île-de-France,2023
user_03898,Data,30-34 ans,,Hauts-de-France,2022
user_00342,Data,25-29 ans,F,Île-de-France,2024
user_03899,Data,25-29 ans,M,Île-de-France,2022
user_03900,Data,35-39 ans,M,Île-de-France,2023
user_03901,Data,25-29 ans,M,Île-de-France,2023
user_03902,Data,25-29 ans,,Occitanie,2022
user_03903,Data,30-34 ans,M,Normandie,2025
user_03904,Data,25-29 ans,F,Île-de-France,2024
user_03905,Data,45-49 ans,,Provence-Alpes-Côte d'Azur,2022
user_03906,Data,30-34 ans,M,Nouvelle-Aquitaine,2024
user_03907,Data,30-34 ans,,Hauts-de-France,2022
user_03908,Data,50-54 ans,,Pays de la Loire,2022
user_03909,Data,25-29 ans,M,Grand Est,2024
user_01806,Data,30-34 ans,M,Île-de-France,2024
user_03910,Data,40-44 ans,F,Occitanie,2022
user_03911,Data,30-34 ans,M,Île-de-France,2022
user_03912,Data,30-34 ans,M,Île-de-France,2025
user_03913,Data,20-24 ans,M,Normandie,2024
user_03914,Data,35-39 ans,F,Occitanie,2022
user_00516,Data,60 ans ou plus,,Bretagne,2022
user_03915,Data,25-29 ans,,Provence-Alpes-Côte d'Azur,2022
user_03916,Data,45-49 ans,F,Île-de-France,2022
user_03629,Data,40-44 ans,M,Île-de-France,2023
user_00801,Data,35-39 ans,,DROM,2023
user_03917,Data,30-34 ans,F,Île-de-France,2023
user_03273,Data,25-29 ans,M,Île-de-France,2022
user_03502,Data,25-29 ans,M,Pays de la Loire,2024
user_03918,Data,30-34 ans,M,Île-de-France,2025
user_03919,Data,55-59 ans,M,Nouvelle-Aquitaine,2025
user_03920,Data,40-44 ans,M,Grand Est,2023
user_03813,Data,30-34 ans,F,Île-de-France,2025
user_03372,Data,20-24 ans,,Auvergne-Rhône-Alpes,2025
user_03921,Data,30-34 ans,M,Occitanie,2025
user_03922,Data,25-29 ans,F,Occitanie,2024
user_03923,Data,45-49 ans,,Île-de-France,2022
user_02885,Data,35-39 ans,,Île-de-France,2022
user_00231,Data,30-34 ans,F,Île-de-France,2025
user_00165,Data,50-54 ans,M,Hauts-de-France,2025
user_00095,Data,30-34 ans,,Île-de-France,2023
user_03924,Data,40-44 ans,,Auvergne-Rhône-Alpes,2022
user_01860,Data,50-54 ans,M,Île-de-France,2024
user_01000,Data,45-49 ans,,Nouvelle-Aquitaine,2022
user_03925,Data,40-44 ans,M,Île-de-France,2022
user_03926,Data,35-39 ans,M,Hauts-de-France,2024
user_03927,Data,25-29 ans,M,Bourgogne-Franche-Comté,2023
user_03928,Data,35-39 ans,F,Île-de-France,2024
user_03929,Data,30-34 ans,M,Île-de-France,2025
user_03930,Data,45-49 ans,,Île-de-France,2022
user_03931,Data,35-39 ans,M,Île-de-France,2023
user_03932,Data,30-34 ans,M,Provence-Alpes-Côte d'Azur,2023
user_03933,Data,60 ans ou plus,,Auvergne-Rhône-Alpes,2022
user_03934,Data,25-29 ans,M,Île-de-France,2022
user_02963,Data,25-29 ans,M,Île-de-France,2022
user_03935,Data,25-29 ans,M,Île-de-France,2025
user_03936,Data,40-44 ans,,Île-de-France,2022
user_03937,Data,35-39 ans,M,Île-de-France,2022
user_03938,Data,45-49 ans,M,Bourgogne-Franche-Comté,2022
user_03939,Data,35-39 ans,,Île-de-France,2023
user_03940,Data,40-44 ans,F,Nouvelle-Aquitaine,2025
user_03941,Data,30-34 ans,M,Île-de-France,2025
user_02072,Data,60 ans ou plus,M,Centre-Val de Loire,2025
user_00113,Data,30-34 ans,F,Île-de-France,2024
user_03942,Data,40-44 ans,,Provence-Alpes-Côte d'Azur,2022
user_03943,Data,35-39 ans,F,Hauts-de-France,2022
user_02384,Data,25-29 ans,M,Grand Est,2022
user_03944,Data,30-34 ans,M,Grand Est,2024
user_03945,Data,40-44 ans,M,Île-de-France,2022
user_02921,Data,45-49 ans,M,Grand Est,2024
user_03946,Data,35-39 ans,,Grand Est,2022
user_03947,Data,25-29 ans,M,Auvergne-Rhône-Alpes,2024
user_03948,Data,45-49 ans,M,Pays de la Loire,2023
user_03949,Data,50-54 ans,M,Normandie,2024
user_03950,Data,25-29 ans,M,Île-de-France,2022
user_03795,Data,60 ans ou plus,M,Île-de-France,2023
user_03035,Data,30-34 ans,F,Île-de-France,2024
user_00841,Data,35-39 ans,,Île-de-France,2022
user_03951,Data,40-44 ans,M,Île-de-France,2025
user_03952,Data,30-34 ans,M,Normandie,2024
user_01048,Data,20-24 ans,M,Auvergne-Rhône-Alpes,2024
user_01406,Data,35-39 ans,M,Île-de-France,2023
user_03953,Data,30-34 ans,M,Provence-Alpes-Côte d'Azur,2024
user_03954,Data,25-29 ans,M,Île-de-France,2023
user_03955,Data,35-39 ans,M,Île-de-France,2024
user_03956,Data,35-39 ans,M,Hauts-de-France,2022
user_01412,Data,55-59 ans,F,Nouvelle-Aquitaine,2024
user_03957,Data,35-39 ans,M,Occitanie,2025
user_00738,Data,25-29 ans,M,Nouvelle-Aquitaine,2024
user_03958,Data,25-29 ans,M,Île-de-France,2022
user_03959,Data,30-34 ans,F,Île-de-France,2025
user_03960,Data,35-39 ans,,Île-de-France,2022
user_03961,Data,30-34 ans,,Île-de-France,2023
user_01854,Data,30-34 ans,M,Occitanie,2024
user_00648,Data,30-34 ans,,Pays de la Loire,2022
user_03962,Data,20-24 ans,M,Auvergne-Rhône-Alpes,2025
user_03963,Data,30-34 ans,M,Provence-Alpes-Côte d'Azur,2025
user_03964,Data,20-24 ans,M,Auvergne-Rhône-Alpes,2025
user_03965,Data,20-24 ans,M,Pays de la Loire,2024
user_03920,Data,40-44 ans,M,Grand Est,2024
user_03966,Data,30-34 ans,M,Île-de-France,2022
user_03967,Data,30-34 ans,,Auvergne-Rhône-Alpes,2022
user_02551,Data,25-29 ans,M,Nouvelle-Aquitaine,2025
user_03968,Data,40-44 ans,M,Normandie,2022
user_03969,Data,40-44 ans,,Normandie,2023
user_03970,Data,25-29 ans,F,Île-de-France,2023
user_03971,Data,55-59 ans,F,Auvergne-Rhône-Alpes,2025
user_02849,Data,35-39 ans,,Grand Est,2023
user_03972,Data,45-49 ans,M,Île-de-France,2023
user_03973,Data,40-44 ans,,Occitanie,2022
user_03974,Data,30-34 ans,,Hauts-de-France,2022
user_03975,Data,35-39 ans,M,Auvergne-Rhône-Alpes,2023
user_03976,Data,25-29 ans,M,Île-de-France,2025
user_03977,Data,25-29 ans,M,Île-de-France,2023
user_03978,Data,40-44 ans,F,Occitanie,2025
user_00735,Data,35-39 ans,F,Île-de-France,2025
user_03979,Data,45-49 ans,,Île-de-France,2022
user_03980,Data,30-34 ans,,Île-de-France,2023
user_03981,Data,20-24 ans,M,Centre-Val de Loire,2022
user_03982,Data,30-34 ans,M,Île-de-France,2024
user_00595,Data,25-29 ans,F,Centre-Val de Loire,2025
user_03983,Data,25-29 ans,,Île-de-France,2024
user_03984,Data,20-24 ans,,Île-de-France,2022
user_03985,Data,20-24 ans,M,Occitanie,2022
user_03986,Data,40-44 ans,M,Île-de-France,2025
user_03987,Data,60 ans ou plus,M,Île-de-France,2023
user_03988,Data,45-49 ans,M,Hauts-de-France,2022
user_03989,Data,45-49 ans,F,Provence-Alpes-Côte d'Azur,2025
user_02236,Data,30-34 ans,,Île-de-France,2023
user_02674,Data,25-29 ans,M,Hauts-de-France,2025
user_02437,Data,25-29 ans,,Île-de-France,2025
user_03990,Data,35-39 ans,,Auvergne-Rhône-Alpes,2023
user_03991,Data,60 ans ou plus,,Occitanie,2022
user_03992,Data,25-29 ans,F,Provence-Alpes-Côte d'Azur,2024
user_03993,Data,35-39 ans,F,Bourgogne-Franche-Comté,2025
user_03994,Data,35-39 ans,,Île-de-France,2022
user_03995,Data,35-39 ans,M,Île-de-France,2022
user_03996,Data,25-29 ans,,Nouvelle-Aquitaine,2025
user_03997,Data,30-34 ans,,Île-de-France,2023
user_03998,Data,60 ans ou plus,F,Auvergne-Rhône-Alpes,2022
user_01297,Data,45-49 ans,M,Provence-Alpes-Côte d'Azur,2023
user_03999,Data,20-24 ans,M,Île-de-France,2025
user_04000,Data,35-39 ans,,Île-de-France,2022
user_00690,Data,35-39 ans,F,Île-de-France,2023
user_04001,Data,35-39 ans,,Île-de-France,2025
user_02132,Data,35-39 ans,F,Île-de-France,2022
user_04002,Data,25-29 ans,,Provence-Alpes-Côte d'Azur,2022
user_04003,Data,30-34 ans,M,Provence-Alpes-Côte d'Azur,2025
user_04004,Data,20-24 ans,M,Grand Est,2025
user_04005,Data,35-39 ans,F,Nouvelle-Aquitaine,2025
user_04006,Data,40-44 ans,,Auvergne-Rhône-Alpes,2022
user_02317,Data,35-39 ans,M,Île-de-France,2024
user_04007,Data,40-44 ans,M,Auvergne-Rhône-Alpes,2022
user_04008,Data,35-39 ans,M,Auvergne-Rhône-Alpes,2022
user_04009,Data,40-44 ans,M,Île-de-France,2025
user_04010,Data,30-34 ans,M,Pays de la Loire,2023
user_00846,Data,30-34 ans,F,Auvergne-Rhône-Alpes,2022
